"Cittadinanza","Genere","1987","1988","1989","1990","1991","1992","1993","1994","1995","1996","1997","1998","1999","2000","2001","2002","2003","2004","2005","2006","2007","2008","2009","2010","2011","2012","2013"
"Afghanistan","Femmine",6.00,6.00,6.00,6.00,1.00,0.00,6.00,6.00,4.00,4.00,4.00,4.00,4.00,4.00,4.00,4.00,0.00,0.00,1.00,1.00,1.00,1.00,1.00,2.00,2.00,6.00,2.00
"Afghanistan","Maschi",7.00,7.00,6.00,6.00,6.00,0.00,6.00,7.00,5.00,5.00,5.00,5.00,5.00,6.00,5.00,6.00,3.00,3.00,10.00,14.00,22.00,30.00,59.00,102.00,99.00,159.00,146.00
"Albania","Femmine",7.00,7.00,7.00,7.00,19.00,0.00,62.00,95.00,128.00,162.00,255.00,451.00,564.00,840.00,1166.00,1339.00,1286.00,1570.00,1845.00,1999.00,2045.00,2070.00,2266.00,2429.00,2531.00,2705.00,2700.00
"Albania","Maschi",15.00,13.00,12.00,12.00,43.00,0.00,180.00,243.00,310.00,369.00,582.00,916.00,1012.00,1365.00,1831.00,1901.00,1575.00,2102.00,2428.00,2476.00,2484.00,2538.00,2746.00,2854.00,2910.00,3100.00,3046.00
"Algeria","Femmine",20.00,19.00,20.00,22.00,18.00,0.00,34.00,41.00,40.00,44.00,45.00,57.00,68.00,70.00,82.00,91.00,92.00,105.00,124.00,143.00,154.00,164.00,190.00,213.00,210.00,216.00,207.00
"Algeria","Maschi",54.00,62.00,68.00,80.00,38.00,0.00,184.00,198.00,195.00,207.00,271.00,395.00,410.00,449.00,512.00,457.00,286.00,345.00,396.00,406.00,420.00,435.00,441.00,454.00,457.00,462.00,426.00
"Altre nazioni o n.d.","Femmine",72.00,67.00,65.00,61.00,0.00,74.00,10.00,56.00,51.00,45.00,0.00,0.00,2.00,2.00,2.00,1.00,0.00,0.00,0.00,0.00,0.00,0.00,0.00,0.00,0.00,0.00,0.00
"Altre nazioni o n.d.","Maschi",96.00,97.00,96.00,94.00,0.00,127.00,5.00,88.00,81.00,75.00,0.00,0.00,1.00,1.00,1.00,1.00,0.00,0.00,0.00,0.00,0.00,0.00,0.00,0.00,0.00,0.00,0.00
"Andorra","Maschi",0.00,0.00,0.00,0.00,0.00,0.00,1.00,1.00,1.00,1.00,1.00,1.00,1.00,1.00,1.00,1.00,0.00,0.00,0.00,0.00,0.00,0.00,0.00,0.00,0.00,0.00,0.00
"Angola","Femmine",0.00,0.00,0.00,3.00,8.00,0.00,8.00,9.00,9.00,10.00,13.00,12.00,14.00,16.00,23.00,26.00,23.00,22.00,20.00,17.00,16.00,15.00,18.00,17.00,18.00,25.00,24.00
"Angola","Maschi",1.00,1.00,2.00,5.00,12.00,0.00,17.00,19.00,21.00,19.00,20.00,25.00,27.00,23.00,30.00,35.00,30.00,32.00,30.00,29.00,30.00,26.00,27.00,27.00,27.00,27.00,27.00
"Antigua e Barbuda","Femmine",0.00,0.00,0.00,0.00,2.00,0.00,0.00,0.00,0.00,0.00,0.00,1.00,1.00,1.00,0.00,0.00,0.00,0.00,0.00,0.00,0.00,0.00,0.00,0.00,0.00,0.00,0.00
"Antigua e Barbuda","Maschi",1.00,1.00,1.00,1.00,1.00,0.00,1.00,1.00,0.00,0.00,0.00,0.00,0.00,0.00,0.00,0.00,0.00,0.00,0.00,0.00,0.00,0.00,0.00,0.00,0.00,0.00,0.00
"Apolide","Femmine",26.00,26.00,25.00,23.00,0.00,0.00,19.00,21.00,19.00,15.00,15.00,15.00,11.00,9.00,9.00,9.00,2.00,2.00,2.00,2.00,2.00,2.00,2.00,2.00,2.00,2.00,5.00
"Apolide","Maschi",53.00,49.00,48.00,44.00,0.00,0.00,35.00,35.00,33.00,31.00,30.00,29.00,27.00,26.00,25.00,19.00,9.00,8.00,9.00,10.00,9.00,10.00,11.00,12.00,13.00,11.00,11.00
"Arabia Saudita","Femmine",2.00,2.00,2.00,2.00,2.00,0.00,0.00,0.00,0.00,0.00,0.00,0.00,0.00,0.00,0.00,0.00,0.00,0.00,0.00,0.00,0.00,0.00,0.00,0.00,0.00,1.00,1.00
"Arabia Saudita","Maschi",5.00,5.00,5.00,5.00,4.00,0.00,4.00,4.00,4.00,4.00,5.00,4.00,5.00,5.00,5.00,5.00,1.00,1.00,2.00,3.00,3.00,3.00,3.00,3.00,2.00,2.00,2.00
"Area Ex-Urss","Femmine",22.00,33.00,36.00,49.00,97.00,0.00,129.00,152.00,0.00,0.00,0.00,0.00,0.00,0.00,0.00,0.00,0.00,0.00,0.00,0.00,0.00,0.00,0.00,0.00,0.00,0.00,0.00
"Area Ex-Urss","Maschi",24.00,26.00,27.00,31.00,54.00,0.00,65.00,77.00,0.00,0.00,0.00,0.00,0.00,0.00,0.00,0.00,0.00,0.00,0.00,0.00,0.00,0.00,0.00,0.00,0.00,0.00,0.00
"Argentina","Femmine",173.00,188.00,197.00,242.00,221.00,307.00,287.00,287.00,283.00,275.00,278.00,293.00,290.00,290.00,322.00,323.00,221.00,282.00,299.00,315.00,298.00,276.00,287.00,314.00,329.00,353.00,337.00
"Argentina","Maschi",203.00,213.00,214.00,259.00,191.00,294.00,285.00,282.00,282.00,266.00,267.00,279.00,287.00,295.00,304.00,331.00,197.00,224.00,253.00,256.00,254.00,249.00,256.00,268.00,289.00,308.00,289.00
"Armenia","Femmine",0.00,0.00,0.00,0.00,0.00,0.00,0.00,0.00,0.00,0.00,1.00,3.00,3.00,5.00,7.00,7.00,6.00,5.00,8.00,9.00,10.00,11.00,11.00,18.00,22.00,25.00,29.00
"Armenia","Maschi",0.00,0.00,0.00,0.00,0.00,0.00,0.00,0.00,0.00,0.00,1.00,1.00,3.00,4.00,5.00,7.00,6.00,7.00,13.00,13.00,15.00,14.00,15.00,18.00,20.00,21.00,25.00
"Australia","Femmine",48.00,49.00,52.00,47.00,32.00,0.00,59.00,58.00,63.00,61.00,66.00,70.00,71.00,77.00,86.00,90.00,52.00,64.00,69.00,74.00,73.00,79.00,77.00,80.00,87.00,88.00,90.00
"Australia","Maschi",37.00,39.00,41.00,41.00,21.00,0.00,50.00,53.00,55.00,63.00,63.00,65.00,65.00,70.00,70.00,65.00,28.00,31.00,37.00,40.00,41.00,42.00,44.00,46.00,58.00,60.00,62.00
"Austria","Femmine",300.00,300.00,292.00,299.00,174.00,287.00,281.00,296.00,297.00,296.00,296.00,325.00,324.00,324.00,331.00,324.00,211.00,211.00,219.00,214.00,208.00,217.00,231.00,227.00,225.00,240.00,226.00
"Austria","Maschi",242.00,247.00,237.00,232.00,108.00,219.00,214.00,211.00,205.00,203.00,196.00,208.00,205.00,203.00,212.00,194.00,113.00,115.00,122.00,120.00,117.00,124.00,134.00,138.00,136.00,138.00,120.00
"Azerbaigian","Femmine",0.00,0.00,0.00,0.00,0.00,0.00,0.00,0.00,0.00,0.00,0.00,1.00,0.00,2.00,11.00,10.00,9.00,6.00,12.00,14.00,14.00,12.00,12.00,13.00,14.00,14.00,15.00
"Azerbaigian","Maschi",0.00,0.00,0.00,0.00,0.00,0.00,0.00,0.00,1.00,1.00,1.00,1.00,1.00,3.00,8.00,8.00,7.00,3.00,8.00,8.00,9.00,10.00,14.00,13.00,10.00,11.00,10.00
"Bahama","Femmine",1.00,1.00,1.00,1.00,0.00,0.00,1.00,1.00,2.00,2.00,2.00,2.00,2.00,2.00,2.00,2.00,0.00,0.00,0.00,0.00,0.00,0.00,0.00,1.00,1.00,2.00,2.00
"Bahama","Maschi",0.00,0.00,0.00,0.00,1.00,0.00,0.00,0.00,0.00,0.00,0.00,0.00,0.00,0.00,0.00,0.00,0.00,0.00,0.00,0.00,0.00,0.00,0.00,0.00,0.00,0.00,0.00
"Bangladesh","Femmine",3.00,3.00,4.00,5.00,6.00,0.00,9.00,14.00,25.00,37.00,62.00,125.00,158.00,189.00,239.00,272.00,291.00,334.00,445.00,556.00,603.00,654.00,847.00,943.00,1101.00,1234.00,1350.00
"Bangladesh","Maschi",11.00,13.00,14.00,16.00,87.00,0.00,309.00,317.00,312.00,321.00,416.00,587.00,655.00,931.00,1262.00,1254.00,997.00,1659.00,1823.00,1891.00,1938.00,2022.00,2473.00,2920.00,3637.00,4754.00,5334.00
"Barbados","Femmine",0.00,0.00,0.00,0.00,0.00,0.00,0.00,0.00,0.00,0.00,0.00,0.00,0.00,0.00,0.00,0.00,0.00,0.00,0.00,0.00,0.00,1.00,1.00,1.00,1.00,1.00,2.00
"Barbados","Maschi",0.00,0.00,0.00,0.00,0.00,0.00,0.00,0.00,0.00,0.00,0.00,0.00,1.00,1.00,1.00,1.00,1.00,1.00,1.00,1.00,1.00,1.00,1.00,1.00,0.00,0.00,0.00
"Belgio","Femmine",143.00,143.00,146.00,149.00,83.00,0.00,163.00,165.00,176.00,188.00,193.00,200.00,203.00,212.00,224.00,221.00,129.00,145.00,164.00,156.00,165.00,172.00,177.00,179.00,181.00,188.00,165.00
"Belgio","Maschi",109.00,106.00,100.00,103.00,48.00,0.00,107.00,119.00,126.00,124.00,146.00,150.00,157.00,164.00,184.00,183.00,101.00,101.00,112.00,112.00,112.00,116.00,121.00,127.00,129.00,131.00,111.00
"Belize","Femmine",0.00,0.00,0.00,0.00,0.00,0.00,0.00,0.00,0.00,0.00,0.00,0.00,0.00,1.00,1.00,1.00,0.00,0.00,0.00,0.00,0.00,0.00,0.00,0.00,0.00,0.00,0.00
"Belize","Maschi",0.00,0.00,0.00,0.00,0.00,0.00,0.00,0.00,0.00,0.00,0.00,0.00,0.00,2.00,1.00,0.00,0.00,0.00,0.00,0.00,0.00,0.00,0.00,0.00,0.00,0.00,0.00
"Benin (Dahomey)","Femmine",0.00,0.00,0.00,0.00,2.00,0.00,2.00,5.00,5.00,5.00,8.00,9.00,9.00,9.00,9.00,13.00,4.00,3.00,6.00,6.00,8.00,7.00,6.00,8.00,8.00,10.00,13.00
"Benin (Dahomey)","Maschi",1.00,1.00,1.00,1.00,1.00,0.00,5.00,7.00,8.00,7.00,7.00,7.00,10.00,11.00,10.00,13.00,6.00,8.00,9.00,10.00,9.00,6.00,8.00,8.00,11.00,16.00,13.00
"Bhutan","Maschi",0.00,0.00,0.00,0.00,0.00,0.00,0.00,0.00,0.00,0.00,0.00,1.00,1.00,1.00,1.00,1.00,0.00,0.00,0.00,0.00,0.00,0.00,0.00,0.00,0.00,0.00,0.00
"Bielorussia","Femmine",0.00,0.00,0.00,0.00,0.00,0.00,0.00,0.00,1.00,2.00,3.00,4.00,3.00,5.00,7.00,14.00,17.00,32.00,52.00,65.00,70.00,74.00,89.00,111.00,147.00,189.00,207.00
"Bielorussia","Maschi",0.00,0.00,0.00,0.00,0.00,0.00,0.00,0.00,0.00,0.00,0.00,0.00,1.00,3.00,5.00,4.00,5.00,7.00,8.00,13.00,14.00,14.00,16.00,19.00,22.00,28.00,30.00
"Bolivia","Femmine",9.00,13.00,13.00,12.00,36.00,0.00,26.00,24.00,23.00,24.00,28.00,37.00,39.00,53.00,59.00,68.00,69.00,183.00,259.00,301.00,328.00,359.00,492.00,772.00,1099.00,1283.00,1346.00
"Bolivia","Maschi",8.00,6.00,6.00,8.00,25.00,0.00,26.00,22.00,20.00,19.00,23.00,29.00,32.00,44.00,49.00,51.00,43.00,118.00,152.00,182.00,202.00,223.00,295.00,434.00,596.00,745.00,809.00
"Bosnia-Erzegovina","Femmine",0.00,0.00,0.00,0.00,0.00,0.00,2.00,21.00,55.00,67.00,74.00,84.00,88.00,104.00,119.00,129.00,82.00,95.00,105.00,116.00,117.00,117.00,122.00,118.00,112.00,152.00,149.00
"Bosnia-Erzegovina","Maschi",0.00,0.00,0.00,0.00,0.00,0.00,2.00,20.00,55.00,70.00,79.00,88.00,93.00,115.00,122.00,120.00,78.00,102.00,114.00,120.00,129.00,125.00,121.00,123.00,116.00,138.00,133.00
"Brasile","Femmine",212.00,248.00,281.00,378.00,368.00,567.00,628.00,677.00,740.00,777.00,854.00,1040.00,1056.00,1154.00,1244.00,1251.00,977.00,1214.00,1545.00,1607.00,1619.00,1621.00,1803.00,2007.00,2242.00,2472.00,2360.00
"Brasile","Maschi",155.00,178.00,190.00,243.00,200.00,333.00,394.00,419.00,433.00,424.00,493.00,629.00,651.00,710.00,791.00,811.00,553.00,748.00,1035.00,995.00,993.00,967.00,1064.00,1157.00,1256.00,1402.00,1325.00
"Bulgaria","Femmine",39.00,42.00,44.00,46.00,44.00,0.00,86.00,96.00,97.00,117.00,134.00,185.00,212.00,275.00,305.00,320.00,280.00,405.00,457.00,493.00,559.00,637.00,720.00,838.00,895.00,1035.00,1006.00
"Bulgaria","Maschi",42.00,48.00,47.00,47.00,35.00,0.00,61.00,70.00,83.00,96.00,123.00,170.00,192.00,271.00,321.00,329.00,279.00,414.00,458.00,480.00,520.00,556.00,604.00,652.00,675.00,751.00,698.00
"Burkina Faso (Alto Volta)","Femmine",0.00,0.00,1.00,1.00,3.00,0.00,0.00,3.00,6.00,8.00,8.00,13.00,12.00,12.00,14.00,15.00,15.00,18.00,18.00,16.00,16.00,13.00,17.00,17.00,17.00,16.00,16.00
"Burkina Faso (Alto Volta)","Maschi",0.00,1.00,3.00,4.00,1.00,0.00,6.00,10.00,10.00,12.00,15.00,21.00,19.00,19.00,17.00,18.00,18.00,19.00,20.00,25.00,24.00,27.00,33.00,30.00,26.00,42.00,34.00
"Burundi","Femmine",0.00,3.00,3.00,3.00,5.00,0.00,6.00,5.00,6.00,6.00,10.00,15.00,14.00,16.00,15.00,14.00,10.00,10.00,11.00,10.00,9.00,8.00,8.00,6.00,6.00,6.00,6.00
"Burundi","Maschi",7.00,7.00,7.00,6.00,3.00,0.00,6.00,7.00,10.00,9.00,7.00,8.00,8.00,12.00,11.00,11.00,5.00,5.00,5.00,6.00,6.00,5.00,5.00,5.00,5.00,5.00,5.00
"Cambogia","Femmine",1.00,1.00,0.00,0.00,2.00,0.00,0.00,0.00,0.00,0.00,0.00,0.00,0.00,0.00,0.00,0.00,0.00,0.00,2.00,0.00,1.00,2.00,0.00,0.00,1.00,0.00,0.00
"Cambogia","Maschi",0.00,0.00,0.00,0.00,1.00,0.00,0.00,0.00,0.00,0.00,0.00,0.00,0.00,0.00,0.00,0.00,0.00,0.00,1.00,6.00,9.00,5.00,0.00,0.00,0.00,0.00,0.00
"Camerun","Femmine",15.00,13.00,12.00,15.00,3.00,0.00,28.00,34.00,38.00,42.00,46.00,49.00,53.00,55.00,62.00,71.00,51.00,62.00,83.00,91.00,95.00,100.00,116.00,133.00,138.00,166.00,184.00
"Camerun","Maschi",18.00,22.00,21.00,23.00,10.00,0.00,36.00,44.00,45.00,49.00,54.00,58.00,64.00,64.00,71.00,69.00,42.00,57.00,85.00,109.00,110.00,107.00,142.00,183.00,180.00,185.00,193.00
"Canada","Femmine",63.00,65.00,66.00,67.00,46.00,0.00,76.00,79.00,95.00,95.00,96.00,106.00,110.00,118.00,122.00,121.00,66.00,73.00,86.00,87.00,88.00,94.00,97.00,103.00,100.00,117.00,114.00
"Canada","Maschi",65.00,71.00,64.00,61.00,26.00,0.00,74.00,77.00,91.00,89.00,89.00,94.00,94.00,94.00,106.00,106.00,61.00,63.00,67.00,67.00,69.00,62.00,67.00,70.00,78.00,82.00,84.00
"Capo Verde","Femmine",53.00,57.00,59.00,64.00,36.00,0.00,65.00,71.00,87.00,92.00,89.00,97.00,101.00,109.00,129.00,138.00,112.00,136.00,149.00,157.00,156.00,152.00,151.00,148.00,142.00,142.00,137.00
"Capo Verde","Maschi",12.00,12.00,12.00,14.00,9.00,0.00,16.00,21.00,21.00,22.00,26.00,27.00,30.00,33.00,33.00,32.00,33.00,38.00,43.00,46.00,43.00,45.00,43.00,46.00,48.00,45.00,42.00
"Ceca. Rep.","Femmine",0.00,0.00,0.00,0.00,0.00,0.00,0.00,0.00,0.00,106.00,111.00,117.00,118.00,119.00,134.00,140.00,85.00,98.00,118.00,126.00,136.00,140.00,153.00,156.00,167.00,185.00,170.00
"Ceca. Rep.","Maschi",0.00,0.00,0.00,0.00,0.00,0.00,0.00,0.00,0.00,64.00,68.00,70.00,69.00,68.00,73.00,69.00,23.00,21.00,20.00,19.00,21.00,22.00,24.00,23.00,27.00,38.00,34.00
"Cecoslovacchia","Femmine",46.00,51.00,60.00,60.00,46.00,0.00,76.00,93.00,106.00,0.00,0.00,0.00,0.00,0.00,0.00,0.00,0.00,0.00,0.00,0.00,0.00,0.00,0.00,0.00,0.00,0.00,0.00
"Cecoslovacchia","Maschi",38.00,45.00,50.00,54.00,42.00,0.00,64.00,62.00,65.00,0.00,0.00,0.00,0.00,0.00,0.00,0.00,0.00,0.00,0.00,0.00,0.00,0.00,0.00,0.00,0.00,0.00,0.00
"Centrafricana Rep.","Femmine",0.00,0.00,0.00,1.00,4.00,0.00,1.00,0.00,0.00,0.00,1.00,1.00,1.00,1.00,1.00,1.00,1.00,1.00,0.00,1.00,1.00,2.00,2.00,2.00,2.00,1.00,2.00
"Centrafricana Rep.","Maschi",1.00,1.00,1.00,1.00,0.00,0.00,1.00,1.00,1.00,1.00,1.00,1.00,1.00,1.00,2.00,2.00,1.00,0.00,1.00,1.00,0.00,1.00,2.00,1.00,3.00,4.00,4.00
"Ciad","Femmine",0.00,0.00,0.00,0.00,0.00,0.00,0.00,0.00,0.00,0.00,0.00,0.00,0.00,1.00,1.00,1.00,0.00,1.00,1.00,1.00,1.00,1.00,2.00,2.00,2.00,2.00,1.00
"Ciad","Maschi",0.00,0.00,0.00,0.00,0.00,0.00,0.00,0.00,1.00,1.00,1.00,1.00,1.00,3.00,3.00,4.00,3.00,6.00,6.00,7.00,6.00,8.00,8.00,8.00,7.00,12.00,12.00
"Cile","Femmine",68.00,74.00,83.00,87.00,77.00,0.00,127.00,126.00,131.00,132.00,146.00,159.00,162.00,174.00,190.00,177.00,125.00,139.00,149.00,156.00,160.00,161.00,172.00,186.00,205.00,231.00,227.00
"Cile","Maschi",63.00,62.00,68.00,77.00,56.00,0.00,81.00,81.00,85.00,87.00,94.00,102.00,107.00,119.00,129.00,116.00,84.00,98.00,111.00,115.00,120.00,124.00,127.00,123.00,127.00,139.00,123.00
"Cinese. Repubblica Popolare","Femmine",455.00,637.00,674.00,805.00,454.00,1171.00,1305.00,1396.00,1578.00,1743.00,2281.00,3225.00,3536.00,4064.00,4747.00,5103.00,4466.00,5456.00,6212.00,6641.00,6992.00,7250.00,8245.00,9173.00,10145.00,11769.00,12376.00
"Cinese. Repubblica Popolare","Maschi",614.00,871.00,920.00,1087.00,529.00,1622.00,1774.00,1888.00,1998.00,2135.00,2757.00,3706.00,3980.00,4611.00,5549.00,5844.00,4835.00,6073.00,6898.00,7398.00,7744.00,8009.00,8956.00,9773.00,10707.00,12198.00,12686.00
"Cipro","Femmine",10.00,11.00,14.00,14.00,6.00,0.00,14.00,16.00,16.00,17.00,17.00,17.00,19.00,19.00,19.00,16.00,4.00,4.00,5.00,6.00,6.00,6.00,10.00,10.00,11.00,15.00,17.00
"Cipro","Maschi",28.00,28.00,30.00,31.00,11.00,0.00,30.00,31.00,31.00,29.00,29.00,30.00,31.00,32.00,36.00,35.00,5.00,6.00,5.00,4.00,4.00,4.00,5.00,5.00,6.00,7.00,6.00
"Città del Vaticano","Femmine",0.00,0.00,0.00,0.00,2.00,0.00,0.00,0.00,0.00,0.00,0.00,0.00,0.00,0.00,0.00,0.00,0.00,0.00,0.00,0.00,0.00,0.00,0.00,0.00,0.00,0.00,0.00
"Colombia","Femmine",49.00,56.00,68.00,100.00,79.00,0.00,146.00,151.00,161.00,172.00,199.00,223.00,241.00,300.00,361.00,396.00,361.00,531.00,591.00,605.00,596.00,564.00,617.00,635.00,663.00,708.00,694.00
"Colombia","Maschi",32.00,42.00,47.00,53.00,34.00,0.00,73.00,69.00,74.00,84.00,99.00,115.00,128.00,158.00,189.00,197.00,167.00,300.00,360.00,343.00,340.00,343.00,375.00,389.00,422.00,466.00,444.00
"Comore","Femmine",0.00,0.00,0.00,0.00,1.00,0.00,0.00,0.00,0.00,0.00,0.00,0.00,0.00,0.00,0.00,0.00,0.00,0.00,0.00,0.00,0.00,0.00,0.00,0.00,0.00,0.00,0.00
"Comore","Maschi",0.00,0.00,0.00,0.00,1.00,0.00,0.00,0.00,0.00,0.00,0.00,0.00,0.00,0.00,0.00,0.00,0.00,0.00,0.00,0.00,0.00,0.00,0.00,0.00,0.00,0.00,0.00
"Congo","Femmine",5.00,5.00,5.00,5.00,8.00,0.00,25.00,10.00,11.00,13.00,13.00,10.00,11.00,16.00,29.00,37.00,37.00,51.00,57.00,56.00,62.00,58.00,56.00,50.00,51.00,55.00,51.00
"Congo","Maschi",2.00,2.00,2.00,3.00,4.00,0.00,36.00,10.00,10.00,14.00,17.00,19.00,23.00,27.00,38.00,40.00,38.00,48.00,66.00,70.00,81.00,72.00,70.00,66.00,64.00,64.00,64.00
"Congo. Rep. Dem. (Zaire)","Femmine",6.00,3.00,4.00,7.00,10.00,0.00,0.00,20.00,19.00,28.00,33.00,37.00,37.00,39.00,41.00,41.00,28.00,33.00,39.00,40.00,40.00,42.00,51.00,53.00,54.00,53.00,51.00
"Congo. Rep. Dem. (Zaire)","Maschi",15.00,17.00,18.00,17.00,8.00,0.00,0.00,30.00,27.00,30.00,38.00,47.00,48.00,48.00,47.00,40.00,25.00,32.00,36.00,38.00,42.00,41.00,49.00,48.00,47.00,50.00,49.00
"Corea. Rep. Pop. Dem. (Corea del Nord)","Femmine",2.00,2.00,2.00,2.00,14.00,0.00,3.00,3.00,3.00,3.00,2.00,2.00,2.00,2.00,2.00,2.00,0.00,3.00,3.00,4.00,4.00,4.00,4.00,4.00,4.00,5.00,4.00
"Corea. Rep. Pop. Dem. (Corea del Nord)","Maschi",2.00,2.00,2.00,2.00,12.00,0.00,2.00,2.00,2.00,1.00,1.00,1.00,1.00,1.00,1.00,1.00,0.00,0.00,0.00,0.00,0.00,0.00,0.00,0.00,0.00,0.00,0.00
"Corea. Repubblica (Corea del Sud)","Femmine",90.00,98.00,105.00,124.00,85.00,0.00,178.00,2.00,248.00,276.00,300.00,341.00,355.00,377.00,419.00,429.00,230.00,249.00,281.00,290.00,297.00,312.00,339.00,347.00,377.00,410.00,441.00
"Corea. Repubblica (Corea del Sud)","Maschi",76.00,82.00,87.00,115.00,51.00,0.00,133.00,0.00,178.00,183.00,204.00,233.00,244.00,259.00,287.00,297.00,145.00,151.00,177.00,185.00,197.00,204.00,225.00,236.00,260.00,290.00,300.00
"Costa d'Avorio","Femmine",12.00,12.00,13.00,17.00,13.00,0.00,38.00,42.00,50.00,61.00,75.00,94.00,97.00,95.00,103.00,98.00,87.00,91.00,97.00,93.00,88.00,96.00,111.00,120.00,118.00,126.00,121.00
"Costa d'Avorio","Maschi",32.00,38.00,42.00,46.00,40.00,0.00,82.00,83.00,70.00,73.00,114.00,146.00,149.00,158.00,160.00,141.00,102.00,119.00,134.00,144.00,145.00,144.00,146.00,157.00,150.00,225.00,187.00
"Costarica","Femmine",7.00,8.00,9.00,10.00,7.00,0.00,11.00,10.00,11.00,12.00,15.00,18.00,17.00,16.00,17.00,17.00,6.00,8.00,13.00,13.00,13.00,12.00,11.00,11.00,11.00,13.00,12.00
"Costarica","Maschi",2.00,2.00,2.00,2.00,1.00,0.00,4.00,3.00,3.00,3.00,3.00,5.00,5.00,5.00,3.00,2.00,2.00,2.00,2.00,2.00,1.00,1.00,1.00,1.00,2.00,5.00,4.00
"Croazia","Femmine",0.00,0.00,0.00,0.00,0.00,0.00,33.00,92.00,168.00,194.00,215.00,247.00,259.00,262.00,285.00,268.00,219.00,238.00,266.00,258.00,257.00,253.00,257.00,264.00,265.00,308.00,294.00
"Croazia","Maschi",0.00,0.00,0.00,0.00,0.00,0.00,37.00,84.00,138.00,151.00,170.00,193.00,199.00,195.00,207.00,191.00,131.00,136.00,148.00,148.00,151.00,139.00,136.00,139.00,139.00,172.00,160.00
"Cuba","Femmine",8.00,9.00,8.00,11.00,10.00,0.00,28.00,34.00,49.00,65.00,86.00,140.00,168.00,203.00,257.00,287.00,245.00,283.00,349.00,357.00,345.00,344.00,386.00,400.00,427.00,459.00,453.00
"Cuba","Maschi",9.00,10.00,7.00,8.00,5.00,0.00,14.00,16.00,18.00,22.00,28.00,39.00,52.00,76.00,95.00,106.00,90.00,116.00,142.00,157.00,162.00,170.00,196.00,213.00,231.00,267.00,261.00
"Danimarca","Femmine",41.00,48.00,55.00,56.00,39.00,0.00,84.00,90.00,103.00,107.00,120.00,127.00,126.00,138.00,133.00,125.00,70.00,72.00,74.00,71.00,72.00,75.00,81.00,91.00,95.00,94.00,93.00
"Danimarca","Maschi",36.00,34.00,39.00,38.00,21.00,0.00,47.00,56.00,56.00,56.00,63.00,72.00,72.00,76.00,78.00,76.00,34.00,37.00,44.00,46.00,46.00,46.00,52.00,58.00,59.00,60.00,59.00
"Dominica","Femmine",0.00,0.00,0.00,0.00,3.00,0.00,0.00,0.00,0.00,20.00,24.00,21.00,17.00,14.00,12.00,9.00,7.00,8.00,7.00,7.00,5.00,5.00,5.00,7.00,7.00,7.00,7.00
"Dominica","Maschi",0.00,0.00,0.00,0.00,0.00,0.00,0.00,0.00,0.00,2.00,3.00,2.00,1.00,1.00,1.00,1.00,1.00,1.00,0.00,0.00,0.00,0.00,0.00,0.00,0.00,0.00,0.00
"Dominicana. Repubblica","Femmine",34.00,55.00,65.00,77.00,65.00,0.00,147.00,173.00,217.00,223.00,272.00,383.00,416.00,461.00,527.00,538.00,448.00,503.00,563.00,580.00,578.00,572.00,645.00,689.00,708.00,762.00,775.00
"Dominicana. Repubblica","Maschi",7.00,9.00,10.00,20.00,21.00,0.00,35.00,38.00,48.00,51.00,80.00,134.00,148.00,180.00,208.00,226.00,201.00,220.00,244.00,262.00,269.00,272.00,335.00,358.00,399.00,447.00,464.00
"Ecuador","Femmine",20.00,26.00,25.00,47.00,50.00,0.00,76.00,85.00,113.00,149.00,302.00,498.00,705.00,1295.00,1736.00,1998.00,2654.00,6252.00,7236.00,7430.00,7267.00,7139.00,7516.00,7869.00,8216.00,8520.00,8400.00
"Ecuador","Maschi",3.00,8.00,9.00,13.00,21.00,0.00,21.00,23.00,36.00,54.00,139.00,253.00,396.00,711.00,978.00,1159.00,1509.00,4266.00,5120.00,5250.00,5081.00,4998.00,5368.00,5673.00,6016.00,6389.00,6348.00
"Egitto","Femmine",766.00,911.00,1034.00,1196.00,854.00,1612.00,1884.00,2180.00,2348.00,2459.00,2621.00,3018.00,3272.00,3506.00,3856.00,4090.00,3636.00,4078.00,4817.00,5258.00,5555.00,5824.00,6638.00,7296.00,7885.00,8679.00,9204.00
"Egitto","Maschi",2401.00,2663.00,2795.00,3340.00,2080.00,4748.00,4950.00,5145.00,5125.00,5695.00,6818.00,8057.00,8570.00,9803.00,11725.00,11580.00,9384.00,14451.00,16175.00,16879.00,17379.00,17694.00,19200.00,21347.00,24114.00,27291.00,27869.00
"El Salvador","Femmine",332.00,375.00,379.00,453.00,291.00,583.00,645.00,712.00,780.00,796.00,872.00,1011.00,1053.00,1151.00,1244.00,1231.00,1131.00,1447.00,1577.00,1613.00,1599.00,1599.00,1718.00,2004.00,2401.00,2726.00,2839.00
"El Salvador","Maschi",99.00,119.00,128.00,179.00,139.00,276.00,296.00,323.00,347.00,367.00,406.00,490.00,515.00,600.00,682.00,702.00,665.00,826.00,920.00,943.00,954.00,963.00,1021.00,1129.00,1319.00,1542.00,1664.00
"Emirati Arabi Uniti","Femmine",0.00,0.00,0.00,0.00,3.00,0.00,0.00,0.00,0.00,0.00,0.00,0.00,0.00,0.00,0.00,0.00,0.00,0.00,0.00,0.00,0.00,0.00,0.00,0.00,0.00,0.00,0.00
"Emirati Arabi Uniti","Maschi",0.00,0.00,0.00,0.00,4.00,0.00,0.00,0.00,0.00,0.00,0.00,0.00,0.00,0.00,0.00,0.00,0.00,0.00,0.00,0.00,0.00,0.00,0.00,0.00,0.00,0.00,0.00
"Eritrea","Femmine",0.00,0.00,0.00,0.00,0.00,0.00,0.00,42.00,265.00,367.00,537.00,695.00,883.00,1072.00,1216.00,1258.00,1133.00,1266.00,1408.00,1440.00,1480.00,1465.00,1486.00,1507.00,1472.00,1490.00,1406.00
"Eritrea","Maschi",0.00,0.00,0.00,0.00,0.00,0.00,0.00,6.00,52.00,71.00,121.00,154.00,223.00,307.00,366.00,388.00,367.00,440.00,580.00,698.00,836.00,891.00,1024.00,1078.00,1026.00,1028.00,933.00
"Estonia","Femmine",0.00,0.00,0.00,0.00,0.00,0.00,0.00,0.00,1.00,2.00,3.00,3.00,6.00,7.00,8.00,14.00,12.00,21.00,30.00,30.00,33.00,35.00,38.00,43.00,45.00,50.00,56.00
"Estonia","Maschi",0.00,0.00,0.00,0.00,0.00,0.00,0.00,0.00,0.00,0.00,0.00,0.00,0.00,0.00,0.00,0.00,0.00,0.00,0.00,1.00,2.00,2.00,2.00,2.00,2.00,4.00,3.00
"Etiopia","Femmine",1122.00,1209.00,1235.00,1268.00,727.00,1388.00,1449.00,1474.00,1299.00,1229.00,1120.00,1114.00,928.00,819.00,779.00,714.00,368.00,412.00,419.00,419.00,434.00,423.00,438.00,461.00,460.00,470.00,454.00
"Etiopia","Maschi",674.00,679.00,691.00,714.00,374.00,776.00,784.00,783.00,735.00,710.00,649.00,629.00,543.00,480.00,450.00,395.00,176.00,178.00,196.00,198.00,231.00,238.00,275.00,286.00,267.00,280.00,270.00
"Filippine","Femmine",778.00,1045.00,1192.00,1530.00,1636.00,2974.00,3450.00,3778.00,4132.00,4734.00,6528.00,8994.00,9775.00,11019.00,11963.00,12320.00,11377.00,13861.00,15238.00,15699.00,15857.00,16188.00,17488.00,18982.00,20853.00,22365.00,22765.00
"Filippine","Maschi",207.00,272.00,359.00,556.00,838.00,1550.00,1938.00,2129.00,2373.00,2816.00,4187.00,5973.00,6697.00,7666.00,8493.00,8893.00,8348.00,10220.00,11407.00,11887.00,12174.00,12561.00,13635.00,14763.00,16149.00,17493.00,17994.00
"Finlandia","Femmine",28.00,30.00,34.00,45.00,54.00,0.00,43.00,50.00,60.00,67.00,73.00,85.00,89.00,97.00,120.00,112.00,77.00,80.00,89.00,89.00,91.00,94.00,99.00,97.00,99.00,106.00,102.00
"Finlandia","Maschi",14.00,17.00,18.00,19.00,18.00,0.00,19.00,16.00,22.00,22.00,26.00,28.00,26.00,27.00,33.00,35.00,16.00,17.00,22.00,25.00,24.00,25.00,25.00,27.00,27.00,27.00,24.00
"Francia","Femmine",1133.00,1186.00,1228.00,1263.00,827.00,1379.00,1442.00,1532.00,1656.00,1677.00,1749.00,1951.00,2017.00,2119.00,2337.00,2332.00,1414.00,1475.00,1695.00,1782.00,1845.00,1920.00,2079.00,2151.00,2246.00,2366.00,2141.00
"Francia","Maschi",965.00,1009.00,1056.00,1090.00,592.00,1184.00,1283.00,1387.00,1480.00,1502.00,1601.00,1825.00,1888.00,2037.00,2217.00,2195.00,1104.00,1150.00,1364.00,1441.00,1487.00,1565.00,1684.00,1717.00,1785.00,1872.00,1706.00
"Gabon","Femmine",2.00,2.00,2.00,2.00,0.00,0.00,2.00,2.00,2.00,2.00,2.00,3.00,3.00,3.00,2.00,2.00,0.00,2.00,2.00,2.00,2.00,3.00,3.00,3.00,3.00,3.00,3.00
"Gabon","Maschi",0.00,0.00,0.00,1.00,1.00,0.00,1.00,1.00,0.00,0.00,0.00,0.00,1.00,1.00,2.00,2.00,1.00,1.00,1.00,2.00,2.00,2.00,0.00,1.00,1.00,2.00,1.00
"Gambia","Femmine",0.00,0.00,0.00,0.00,1.00,0.00,1.00,1.00,1.00,1.00,1.00,1.00,1.00,2.00,1.00,1.00,3.00,8.00,5.00,6.00,8.00,9.00,11.00,14.00,15.00,16.00,22.00
"Gambia","Maschi",3.00,3.00,3.00,2.00,6.00,0.00,8.00,8.00,10.00,13.00,25.00,62.00,74.00,119.00,132.00,120.00,59.00,70.00,83.00,88.00,91.00,97.00,105.00,118.00,117.00,133.00,135.00
"Georgia","Femmine",0.00,0.00,0.00,0.00,0.00,0.00,0.00,0.00,0.00,2.00,1.00,2.00,5.00,6.00,7.00,12.00,12.00,16.00,29.00,29.00,32.00,35.00,61.00,105.00,151.00,218.00,271.00
"Georgia","Maschi",0.00,0.00,0.00,0.00,0.00,0.00,0.00,0.00,0.00,2.00,0.00,1.00,3.00,4.00,6.00,8.00,5.00,4.00,11.00,17.00,16.00,17.00,28.00,38.00,36.00,45.00,63.00
"Germania","Femmine",1100.00,1134.00,1164.00,1190.00,733.00,1202.00,1205.00,1215.00,1223.00,1223.00,1261.00,1372.00,1368.00,1392.00,1476.00,1415.00,913.00,967.00,1037.00,1088.00,1105.00,1135.00,1179.00,1193.00,1225.00,1216.00,1115.00
"Germania","Maschi",1049.00,1028.00,1043.00,1038.00,545.00,1027.00,1005.00,1026.00,1036.00,1032.00,1071.00,1161.00,1156.00,1161.00,1196.00,1114.00,698.00,735.00,794.00,815.00,827.00,820.00,863.00,864.00,884.00,904.00,824.00
"Germania Democratica","Femmine",2.00,2.00,2.00,0.00,0.00,0.00,0.00,0.00,0.00,0.00,0.00,0.00,0.00,0.00,0.00,0.00,0.00,0.00,0.00,0.00,0.00,0.00,0.00,0.00,0.00,0.00,0.00
"Germania Democratica","Maschi",0.00,0.00,1.00,0.00,0.00,0.00,0.00,0.00,0.00,0.00,0.00,0.00,0.00,0.00,0.00,0.00,0.00,0.00,0.00,0.00,0.00,0.00,0.00,0.00,0.00,0.00,0.00
"Ghana","Femmine",4.00,6.00,6.00,9.00,11.00,0.00,17.00,20.00,19.00,24.00,28.00,35.00,38.00,38.00,43.00,41.00,37.00,45.00,54.00,51.00,52.00,42.00,50.00,54.00,53.00,51.00,50.00
"Ghana","Maschi",9.00,11.00,10.00,15.00,10.00,0.00,85.00,87.00,82.00,83.00,83.00,91.00,93.00,95.00,102.00,95.00,69.00,69.00,71.00,62.00,63.00,54.00,71.00,78.00,79.00,126.00,116.00
"Giamaica","Femmine",3.00,4.00,3.00,4.00,5.00,0.00,5.00,5.00,6.00,7.00,9.00,9.00,9.00,9.00,9.00,10.00,7.00,7.00,7.00,5.00,6.00,6.00,6.00,6.00,5.00,4.00,6.00
"Giamaica","Maschi",2.00,2.00,2.00,2.00,2.00,0.00,3.00,3.00,3.00,3.00,3.00,4.00,5.00,5.00,5.00,5.00,2.00,3.00,7.00,7.00,7.00,6.00,10.00,9.00,10.00,10.00,12.00
"Giappone","Femmine",504.00,585.00,640.00,699.00,659.00,820.00,899.00,956.00,1010.00,1006.00,1082.00,1162.00,1191.00,1206.00,1333.00,1359.00,858.00,902.00,1010.00,1039.00,1078.00,1087.00,1154.00,1172.00,1214.00,1296.00,1276.00
"Giappone","Maschi",629.00,698.00,750.00,807.00,596.00,940.00,989.00,1018.00,1044.00,1072.00,1141.00,1175.00,1185.00,1177.00,1249.00,1243.00,649.00,690.00,780.00,818.00,841.00,880.00,934.00,963.00,992.00,1048.00,1029.00
"Gibuti","Femmine",0.00,0.00,0.00,0.00,2.00,0.00,0.00,0.00,0.00,0.00,1.00,1.00,1.00,1.00,1.00,1.00,0.00,0.00,0.00,0.00,0.00,0.00,0.00,0.00,0.00,0.00,0.00
"Gibuti","Maschi",0.00,0.00,0.00,0.00,2.00,0.00,0.00,0.00,0.00,0.00,0.00,0.00,0.00,0.00,0.00,0.00,0.00,0.00,0.00,0.00,0.00,0.00,0.00,0.00,0.00,0.00,0.00
"Giordania","Femmine",5.00,6.00,7.00,9.00,12.00,0.00,13.00,21.00,28.00,30.00,29.00,39.00,41.00,42.00,44.00,48.00,38.00,47.00,45.00,47.00,49.00,53.00,56.00,58.00,57.00,61.00,50.00
"Giordania","Maschi",153.00,160.00,161.00,178.00,79.00,0.00,223.00,224.00,205.00,206.00,220.00,229.00,225.00,225.00,235.00,224.00,113.00,135.00,138.00,130.00,126.00,125.00,124.00,117.00,112.00,122.00,111.00
"Grecia","Femmine",309.00,317.00,318.00,325.00,126.00,326.00,335.00,338.00,339.00,339.00,347.00,375.00,380.00,391.00,409.00,397.00,186.00,193.00,194.00,199.00,203.00,214.00,229.00,244.00,255.00,287.00,265.00
"Grecia","Maschi",611.00,630.00,647.00,657.00,180.00,693.00,715.00,727.00,727.00,701.00,713.00,736.00,746.00,758.00,761.00,675.00,193.00,197.00,201.00,212.00,210.00,218.00,229.00,241.00,249.00,274.00,249.00
"Grenada","Femmine",0.00,0.00,0.00,0.00,4.00,0.00,0.00,0.00,0.00,0.00,0.00,0.00,0.00,0.00,0.00,0.00,0.00,0.00,0.00,0.00,0.00,0.00,0.00,0.00,0.00,0.00,0.00
"Grenada","Maschi",0.00,0.00,0.00,0.00,10.00,0.00,0.00,0.00,0.00,0.00,0.00,0.00,0.00,0.00,0.00,0.00,0.00,0.00,0.00,0.00,0.00,0.00,0.00,0.00,0.00,0.00,0.00
"Guatemala","Femmine",7.00,11.00,9.00,9.00,6.00,0.00,11.00,14.00,13.00,13.00,13.00,15.00,15.00,15.00,16.00,15.00,12.00,16.00,18.00,20.00,19.00,20.00,21.00,23.00,32.00,36.00,39.00
"Guatemala","Maschi",5.00,5.00,5.00,5.00,4.00,0.00,6.00,6.00,7.00,5.00,6.00,7.00,7.00,6.00,12.00,12.00,9.00,12.00,14.00,13.00,15.00,15.00,15.00,16.00,17.00,21.00,21.00
"Guinea","Femmine",0.00,1.00,2.00,3.00,4.00,0.00,3.00,6.00,5.00,5.00,7.00,12.00,11.00,14.00,18.00,16.00,16.00,18.00,20.00,21.00,25.00,25.00,25.00,28.00,28.00,34.00,32.00
"Guinea","Maschi",14.00,16.00,17.00,21.00,10.00,0.00,26.00,26.00,25.00,28.00,35.00,40.00,44.00,45.00,52.00,50.00,38.00,44.00,52.00,57.00,63.00,68.00,65.00,76.00,61.00,76.00,83.00
"Guinea Bissau","Femmine",0.00,0.00,0.00,0.00,0.00,0.00,0.00,0.00,0.00,0.00,0.00,0.00,0.00,0.00,0.00,0.00,0.00,0.00,0.00,0.00,0.00,0.00,0.00,2.00,2.00,2.00,2.00
"Guinea Bissau","Maschi",0.00,1.00,1.00,1.00,2.00,0.00,1.00,1.00,1.00,1.00,2.00,1.00,1.00,4.00,4.00,6.00,5.00,5.00,4.00,7.00,6.00,6.00,9.00,11.00,10.00,10.00,12.00
"Guinea Equatoriale","Maschi",0.00,0.00,0.00,0.00,1.00,0.00,0.00,0.00,0.00,0.00,0.00,0.00,0.00,0.00,0.00,0.00,0.00,0.00,0.00,0.00,0.00,0.00,0.00,0.00,0.00,0.00,0.00
"Guyana","Femmine",0.00,0.00,0.00,0.00,1.00,0.00,0.00,0.00,0.00,0.00,0.00,0.00,0.00,0.00,0.00,0.00,0.00,0.00,0.00,0.00,0.00,0.00,0.00,0.00,0.00,0.00,0.00
"Haiti","Femmine",25.00,25.00,25.00,26.00,5.00,0.00,24.00,25.00,24.00,24.00,25.00,26.00,29.00,29.00,30.00,22.00,4.00,6.00,7.00,7.00,6.00,7.00,5.00,5.00,6.00,7.00,6.00
"Haiti","Maschi",4.00,4.00,4.00,4.00,1.00,0.00,4.00,5.00,5.00,4.00,5.00,6.00,6.00,5.00,5.00,6.00,4.00,4.00,1.00,2.00,3.00,3.00,2.00,2.00,3.00,3.00,3.00
"Honduras","Femmine",1.00,3.00,4.00,3.00,5.00,0.00,5.00,5.00,4.00,2.00,2.00,4.00,4.00,5.00,5.00,6.00,5.00,10.00,11.00,12.00,12.00,14.00,16.00,29.00,39.00,50.00,57.00
"Honduras","Maschi",0.00,1.00,1.00,1.00,3.00,0.00,0.00,0.00,0.00,0.00,0.00,1.00,1.00,1.00,1.00,2.00,2.00,4.00,4.00,3.00,4.00,4.00,4.00,9.00,13.00,15.00,17.00
"India","Femmine",93.00,99.00,104.00,118.00,63.00,0.00,127.00,141.00,154.00,158.00,160.00,182.00,192.00,207.00,235.00,221.00,180.00,202.00,248.00,261.00,276.00,300.00,338.00,357.00,391.00,444.00,467.00
"India","Maschi",83.00,90.00,95.00,99.00,76.00,0.00,160.00,176.00,177.00,180.00,200.00,246.00,261.00,289.00,333.00,319.00,240.00,300.00,370.00,391.00,392.00,398.00,456.00,522.00,581.00,674.00,718.00
"Indonesia","Femmine",11.00,13.00,13.00,13.00,14.00,0.00,20.00,21.00,25.00,26.00,30.00,34.00,35.00,42.00,49.00,53.00,43.00,39.00,50.00,51.00,49.00,51.00,57.00,61.00,67.00,80.00,82.00
"Indonesia","Maschi",8.00,10.00,12.00,13.00,15.00,0.00,17.00,17.00,19.00,20.00,21.00,26.00,28.00,31.00,34.00,36.00,32.00,35.00,39.00,39.00,37.00,38.00,43.00,45.00,44.00,49.00,45.00
"Iran","Femmine",468.00,466.00,462.00,465.00,208.00,455.00,454.00,453.00,438.00,414.00,407.00,419.00,419.00,405.00,390.00,364.00,183.00,196.00,213.00,236.00,239.00,222.00,251.00,286.00,333.00,483.00,582.00
"Iran","Maschi",657.00,656.00,665.00,670.00,289.00,639.00,611.00,597.00,569.00,554.00,535.00,557.00,550.00,538.00,540.00,491.00,231.00,247.00,256.00,261.00,272.00,264.00,294.00,330.00,363.00,482.00,557.00
"Iraq","Femmine",23.00,24.00,24.00,24.00,6.00,0.00,25.00,25.00,26.00,26.00,27.00,26.00,27.00,28.00,28.00,28.00,7.00,7.00,13.00,10.00,17.00,19.00,20.00,20.00,19.00,16.00,16.00
"Iraq","Maschi",53.00,52.00,51.00,50.00,24.00,0.00,50.00,49.00,47.00,45.00,46.00,46.00,47.00,49.00,50.00,45.00,21.00,21.00,32.00,37.00,42.00,44.00,62.00,63.00,60.00,51.00,51.00
"Irlanda","Femmine",46.00,54.00,67.00,76.00,44.00,0.00,118.00,125.00,135.00,137.00,139.00,156.00,169.00,179.00,196.00,182.00,89.00,92.00,102.00,104.00,106.00,113.00,118.00,122.00,130.00,135.00,120.00
"Irlanda","Maschi",34.00,40.00,44.00,53.00,29.00,0.00,89.00,99.00,103.00,110.00,120.00,130.00,133.00,139.00,158.00,150.00,62.00,69.00,81.00,85.00,91.00,94.00,95.00,102.00,113.00,117.00,98.00
"Islanda","Femmine",1.00,3.00,2.00,2.00,4.00,0.00,4.00,3.00,4.00,4.00,4.00,5.00,6.00,9.00,11.00,10.00,10.00,10.00,10.00,12.00,12.00,13.00,18.00,21.00,20.00,20.00,17.00
"Islanda","Maschi",1.00,3.00,3.00,3.00,4.00,0.00,4.00,3.00,3.00,3.00,3.00,3.00,4.00,4.00,7.00,7.00,5.00,6.00,9.00,10.00,11.00,11.00,11.00,12.00,12.00,12.00,9.00
"Israele","Femmine",379.00,395.00,395.00,406.00,168.00,425.00,432.00,437.00,411.00,409.00,403.00,427.00,429.00,425.00,424.00,409.00,162.00,163.00,184.00,201.00,206.00,220.00,229.00,221.00,219.00,234.00,233.00
"Israele","Maschi",531.00,546.00,545.00,557.00,192.00,567.00,588.00,595.00,544.00,522.00,519.00,530.00,539.00,535.00,546.00,509.00,213.00,216.00,237.00,247.00,248.00,245.00,234.00,242.00,242.00,253.00,248.00
"Jugoslavia (Serbia-Montenegro)","Femmine",419.00,468.00,479.00,513.00,643.00,602.00,674.00,751.00,809.00,815.00,812.00,842.00,830.00,845.00,902.00,863.00,509.00,541.00,596.00,595.00,599.00,580.00,0.00,0.00,0.00,0.00,0.00
"Jugoslavia (Serbia-Montenegro)","Maschi",413.00,452.00,464.00,511.00,612.00,630.00,710.00,857.00,917.00,932.00,956.00,982.00,972.00,979.00,993.00,935.00,477.00,504.00,547.00,552.00,550.00,546.00,0.00,0.00,0.00,0.00,0.00
"Kazakistan","Femmine",0.00,0.00,0.00,0.00,0.00,0.00,0.00,0.00,0.00,0.00,1.00,6.00,11.00,11.00,15.00,14.00,11.00,13.00,19.00,28.00,28.00,36.00,54.00,58.00,60.00,69.00,73.00
"Kazakistan","Maschi",0.00,0.00,0.00,0.00,0.00,0.00,0.00,0.00,0.00,0.00,0.00,1.00,1.00,2.00,3.00,3.00,3.00,2.00,3.00,3.00,4.00,12.00,13.00,14.00,15.00,18.00,19.00
"Kenya","Femmine",3.00,3.00,4.00,4.00,10.00,0.00,11.00,13.00,17.00,17.00,19.00,22.00,27.00,34.00,36.00,38.00,32.00,35.00,43.00,48.00,47.00,54.00,62.00,71.00,78.00,89.00,90.00
"Kenya","Maschi",7.00,8.00,8.00,10.00,10.00,0.00,15.00,18.00,19.00,24.00,27.00,29.00,28.00,39.00,41.00,42.00,31.00,36.00,38.00,40.00,41.00,43.00,46.00,50.00,52.00,60.00,59.00
"Kirghizistan","Femmine",0.00,0.00,0.00,0.00,0.00,0.00,0.00,0.00,0.00,0.00,0.00,0.00,0.00,0.00,0.00,0.00,0.00,0.00,4.00,4.00,4.00,8.00,8.00,10.00,12.00,19.00,25.00
"Kirghizistan","Maschi",0.00,0.00,0.00,0.00,0.00,0.00,0.00,0.00,0.00,0.00,0.00,0.00,0.00,0.00,0.00,0.00,0.00,0.00,0.00,1.00,1.00,1.00,1.00,1.00,1.00,2.00,4.00
"Kosovo","Femmine",0.00,0.00,0.00,0.00,0.00,0.00,0.00,0.00,0.00,0.00,0.00,0.00,0.00,0.00,0.00,0.00,0.00,0.00,0.00,0.00,0.00,0.00,3.00,6.00,9.00,69.00,66.00
"Kosovo","Maschi",0.00,0.00,0.00,0.00,0.00,0.00,0.00,0.00,0.00,0.00,0.00,0.00,0.00,0.00,0.00,0.00,0.00,0.00,0.00,0.00,0.00,0.00,2.00,18.00,35.00,141.00,159.00
"Kuwait","Femmine",0.00,0.00,0.00,0.00,1.00,0.00,0.00,0.00,0.00,0.00,0.00,1.00,1.00,1.00,1.00,1.00,1.00,1.00,1.00,1.00,1.00,1.00,1.00,1.00,1.00,1.00,1.00
"Kuwait","Maschi",0.00,0.00,2.00,2.00,0.00,0.00,2.00,2.00,2.00,2.00,2.00,3.00,3.00,3.00,3.00,4.00,2.00,2.00,3.00,3.00,3.00,3.00,3.00,3.00,3.00,3.00,3.00
"Laos","Femmine",0.00,0.00,0.00,0.00,9.00,0.00,0.00,0.00,0.00,0.00,0.00,0.00,0.00,1.00,1.00,0.00,0.00,0.00,1.00,1.00,2.00,1.00,1.00,1.00,1.00,1.00,2.00
"Laos","Maschi",0.00,0.00,0.00,0.00,6.00,0.00,0.00,0.00,0.00,0.00,0.00,0.00,0.00,0.00,0.00,0.00,0.00,0.00,0.00,0.00,0.00,0.00,0.00,0.00,0.00,0.00,0.00
"Lesotho","Femmine",0.00,0.00,0.00,0.00,3.00,0.00,0.00,0.00,0.00,0.00,0.00,0.00,0.00,0.00,0.00,0.00,0.00,0.00,0.00,0.00,0.00,0.00,0.00,0.00,0.00,0.00,0.00
"Lesotho","Maschi",0.00,0.00,0.00,0.00,0.00,0.00,0.00,0.00,0.00,0.00,0.00,0.00,0.00,0.00,0.00,0.00,0.00,0.00,0.00,0.00,0.00,0.00,0.00,0.00,0.00,0.00,1.00
"Lettonia","Femmine",0.00,0.00,0.00,0.00,0.00,0.00,0.00,0.00,2.00,3.00,4.00,7.00,11.00,11.00,15.00,20.00,20.00,24.00,43.00,52.00,57.00,74.00,85.00,97.00,108.00,130.00,115.00
"Lettonia","Maschi",0.00,0.00,0.00,0.00,0.00,0.00,0.00,0.00,0.00,0.00,0.00,0.00,0.00,0.00,1.00,2.00,3.00,3.00,4.00,6.00,6.00,6.00,6.00,6.00,10.00,14.00,13.00
"Libano","Femmine",133.00,138.00,140.00,144.00,104.00,0.00,152.00,154.00,152.00,139.00,132.00,136.00,125.00,115.00,123.00,110.00,72.00,71.00,71.00,68.00,71.00,70.00,56.00,55.00,57.00,62.00,65.00
"Libano","Maschi",245.00,245.00,245.00,246.00,133.00,0.00,278.00,284.00,270.00,262.00,255.00,255.00,245.00,233.00,247.00,236.00,123.00,138.00,149.00,151.00,151.00,153.00,157.00,151.00,168.00,177.00,176.00
"Liberia","Femmine",1.00,1.00,1.00,1.00,1.00,0.00,1.00,4.00,3.00,3.00,2.00,2.00,3.00,3.00,3.00,5.00,4.00,5.00,7.00,8.00,7.00,7.00,8.00,9.00,9.00,8.00,5.00
"Liberia","Maschi",3.00,3.00,3.00,3.00,1.00,0.00,2.00,2.00,2.00,2.00,3.00,3.00,4.00,4.00,5.00,4.00,3.00,5.00,16.00,21.00,21.00,21.00,17.00,17.00,21.00,23.00,19.00
"Libia","Femmine",68.00,62.00,60.00,57.00,13.00,0.00,55.00,55.00,43.00,43.00,46.00,48.00,48.00,47.00,48.00,42.00,16.00,16.00,16.00,21.00,26.00,25.00,25.00,24.00,30.00,36.00,36.00
"Libia","Maschi",82.00,78.00,77.00,68.00,22.00,0.00,71.00,70.00,52.00,50.00,56.00,58.00,58.00,57.00,63.00,50.00,21.00,35.00,42.00,50.00,55.00,55.00,61.00,56.00,62.00,68.00,66.00
"Liechtenstein","Femmine",0.00,1.00,1.00,1.00,0.00,0.00,0.00,0.00,0.00,0.00,0.00,0.00,0.00,1.00,1.00,1.00,1.00,1.00,1.00,0.00,0.00,1.00,0.00,0.00,0.00,0.00,0.00
"Liechtenstein","Maschi",0.00,0.00,0.00,0.00,0.00,0.00,0.00,0.00,1.00,1.00,1.00,0.00,0.00,0.00,0.00,0.00,0.00,0.00,0.00,0.00,0.00,0.00,0.00,0.00,0.00,0.00,0.00
"Lituania","Femmine",0.00,0.00,0.00,0.00,0.00,0.00,0.00,0.00,2.00,2.00,4.00,5.00,8.00,11.00,14.00,15.00,21.00,26.00,41.00,48.00,60.00,73.00,94.00,104.00,127.00,150.00,147.00
"Lituania","Maschi",0.00,0.00,0.00,0.00,0.00,0.00,0.00,0.00,0.00,0.00,0.00,0.00,0.00,0.00,0.00,0.00,1.00,3.00,4.00,5.00,4.00,4.00,11.00,16.00,22.00,27.00,24.00
"Lussemburgo","Femmine",6.00,5.00,5.00,5.00,9.00,0.00,6.00,7.00,7.00,7.00,9.00,10.00,11.00,10.00,6.00,6.00,3.00,4.00,5.00,5.00,5.00,6.00,6.00,8.00,7.00,7.00,6.00
"Lussemburgo","Maschi",11.00,9.00,10.00,10.00,7.00,0.00,11.00,10.00,8.00,8.00,9.00,8.00,10.00,10.00,9.00,12.00,8.00,5.00,4.00,2.00,3.00,3.00,4.00,4.00,4.00,4.00,4.00
"Macedonia. ex Rep. Jugoslava","Femmine",0.00,0.00,0.00,0.00,0.00,0.00,0.00,4.00,10.00,17.00,6.00,5.00,21.00,29.00,43.00,45.00,45.00,55.00,75.00,80.00,88.00,80.00,82.00,80.00,83.00,88.00,87.00
"Macedonia. ex Rep. Jugoslava","Maschi",0.00,0.00,0.00,0.00,0.00,0.00,0.00,7.00,19.00,34.00,10.00,10.00,45.00,54.00,65.00,72.00,48.00,64.00,77.00,80.00,85.00,81.00,77.00,84.00,83.00,90.00,82.00
"Madagascar","Femmine",4.00,5.00,3.00,3.00,8.00,0.00,0.00,10.00,9.00,11.00,12.00,14.00,12.00,14.00,15.00,15.00,12.00,12.00,13.00,14.00,12.00,11.00,11.00,10.00,10.00,12.00,11.00
"Madagascar","Maschi",2.00,2.00,2.00,2.00,3.00,0.00,0.00,2.00,2.00,2.00,1.00,1.00,2.00,1.00,1.00,1.00,0.00,0.00,0.00,0.00,0.00,1.00,1.00,2.00,3.00,5.00,4.00
"Malawi","Femmine",0.00,0.00,0.00,0.00,8.00,0.00,6.00,0.00,0.00,0.00,0.00,0.00,0.00,0.00,0.00,0.00,0.00,0.00,0.00,0.00,0.00,0.00,0.00,0.00,1.00,1.00,1.00
"Malawi","Maschi",0.00,0.00,0.00,0.00,2.00,0.00,2.00,0.00,0.00,0.00,0.00,0.00,0.00,0.00,0.00,0.00,0.00,0.00,0.00,0.00,0.00,0.00,0.00,0.00,1.00,1.00,1.00
"Malaysia","Femmine",2.00,4.00,3.00,5.00,4.00,0.00,8.00,9.00,8.00,10.00,11.00,14.00,14.00,15.00,17.00,20.00,12.00,17.00,19.00,20.00,20.00,17.00,17.00,18.00,20.00,22.00,23.00
"Malaysia","Maschi",10.00,12.00,11.00,12.00,3.00,0.00,20.00,21.00,17.00,18.00,20.00,21.00,20.00,20.00,19.00,18.00,9.00,10.00,13.00,14.00,15.00,14.00,13.00,13.00,14.00,17.00,17.00
"Maldive","Femmine",0.00,0.00,0.00,0.00,0.00,0.00,0.00,0.00,0.00,0.00,0.00,0.00,0.00,0.00,0.00,0.00,0.00,0.00,0.00,0.00,0.00,0.00,0.00,1.00,0.00,0.00,0.00
"Maldive","Maschi",0.00,0.00,0.00,0.00,2.00,0.00,0.00,0.00,1.00,0.00,0.00,0.00,0.00,0.00,0.00,0.00,0.00,0.00,0.00,0.00,0.00,0.00,0.00,0.00,0.00,1.00,0.00
"Mali","Femmine",1.00,1.00,1.00,2.00,5.00,0.00,5.00,5.00,6.00,5.00,8.00,11.00,12.00,15.00,16.00,15.00,17.00,16.00,17.00,18.00,18.00,18.00,14.00,13.00,16.00,18.00,16.00
"Mali","Maschi",0.00,1.00,2.00,3.00,1.00,0.00,11.00,12.00,10.00,9.00,9.00,11.00,13.00,16.00,15.00,13.00,10.00,12.00,14.00,19.00,21.00,24.00,29.00,27.00,35.00,93.00,102.00
"Malta","Femmine",14.00,14.00,15.00,17.00,11.00,0.00,17.00,16.00,15.00,13.00,11.00,7.00,6.00,8.00,6.00,9.00,8.00,5.00,6.00,9.00,9.00,11.00,7.00,8.00,11.00,15.00,13.00
"Malta","Maschi",7.00,8.00,7.00,8.00,4.00,0.00,9.00,11.00,9.00,9.00,15.00,14.00,15.00,15.00,14.00,13.00,10.00,11.00,15.00,16.00,18.00,20.00,18.00,19.00,21.00,23.00,23.00
"Marocco","Femmine",105.00,117.00,128.00,193.00,186.00,330.00,406.00,494.00,611.00,737.00,908.00,1171.00,1295.00,1456.00,1674.00,1781.00,1655.00,1959.00,2317.00,2522.00,2614.00,2707.00,2947.00,3199.00,3413.00,3737.00,3844.00
"Marocco","Maschi",316.00,409.00,428.00,1002.00,414.00,2461.00,2631.00,2736.00,2683.00,2875.00,3493.00,4082.00,4202.00,4393.00,4654.00,4167.00,2859.00,3350.00,3750.00,3928.00,4049.00,4042.00,4193.00,4419.00,4658.00,4983.00,4964.00
"Mauritania","Femmine",0.00,0.00,0.00,1.00,13.00,0.00,1.00,1.00,0.00,0.00,0.00,0.00,1.00,1.00,1.00,1.00,1.00,1.00,1.00,2.00,2.00,2.00,2.00,2.00,4.00,5.00,4.00
"Mauritania","Maschi",0.00,0.00,0.00,1.00,5.00,0.00,2.00,2.00,0.00,0.00,2.00,3.00,4.00,5.00,7.00,5.00,3.00,4.00,4.00,7.00,7.00,8.00,11.00,21.00,22.00,26.00,23.00
"Maurizio","Femmine",56.00,69.00,79.00,100.00,125.00,0.00,211.00,247.00,274.00,290.00,329.00,400.00,441.00,510.00,588.00,613.00,590.00,646.00,690.00,703.00,697.00,688.00,689.00,694.00,710.00,730.00,693.00
"Maurizio","Maschi",30.00,43.00,49.00,62.00,97.00,0.00,184.00,208.00,224.00,242.00,282.00,367.00,419.00,478.00,536.00,560.00,532.00,579.00,594.00,601.00,614.00,604.00,610.00,625.00,639.00,657.00,633.00
"Messico","Femmine",38.00,43.00,43.00,52.00,56.00,0.00,84.00,94.00,104.00,94.00,95.00,102.00,105.00,115.00,125.00,128.00,82.00,99.00,113.00,123.00,114.00,117.00,125.00,136.00,160.00,178.00,167.00
"Messico","Maschi",44.00,47.00,43.00,47.00,29.00,0.00,60.00,61.00,55.00,54.00,53.00,56.00,59.00,64.00,67.00,68.00,39.00,46.00,57.00,63.00,62.00,55.00,69.00,76.00,90.00,97.00,92.00
"Moldavia","Femmine",0.00,0.00,0.00,0.00,0.00,0.00,0.00,0.00,0.00,1.00,2.00,8.00,13.00,33.00,61.00,115.00,197.00,630.00,824.00,891.00,899.00,1065.00,1413.00,1766.00,2214.00,2478.00,2390.00
"Moldavia","Maschi",0.00,0.00,0.00,0.00,0.00,0.00,0.00,0.00,0.00,1.00,2.00,3.00,3.00,8.00,17.00,30.00,58.00,225.00,327.00,388.00,365.00,389.00,504.00,628.00,757.00,899.00,898.00
"Monaco","Femmine",0.00,0.00,0.00,0.00,7.00,0.00,1.00,1.00,1.00,1.00,1.00,1.00,1.00,1.00,1.00,1.00,0.00,0.00,0.00,1.00,1.00,1.00,1.00,1.00,1.00,1.00,1.00
"Monaco","Maschi",0.00,0.00,0.00,0.00,2.00,0.00,0.00,0.00,0.00,0.00,0.00,0.00,0.00,0.00,0.00,0.00,0.00,0.00,0.00,1.00,1.00,1.00,1.00,1.00,1.00,1.00,1.00
"Mongolia","Femmine",0.00,0.00,0.00,0.00,3.00,0.00,1.00,0.00,2.00,2.00,2.00,2.00,3.00,3.00,4.00,5.00,3.00,5.00,4.00,3.00,3.00,3.00,3.00,4.00,8.00,8.00,7.00
"Mongolia","Maschi",0.00,0.00,0.00,0.00,0.00,0.00,0.00,0.00,0.00,0.00,0.00,0.00,0.00,1.00,1.00,2.00,1.00,3.00,3.00,3.00,3.00,3.00,5.00,4.00,8.00,12.00,10.00
"Montenegro","Femmine",0.00,0.00,0.00,0.00,0.00,0.00,0.00,0.00,0.00,0.00,0.00,0.00,0.00,0.00,0.00,0.00,0.00,0.00,0.00,0.00,0.00,0.00,2.00,5.00,11.00,76.00,75.00
"Montenegro","Maschi",0.00,0.00,0.00,0.00,0.00,0.00,0.00,0.00,0.00,0.00,0.00,0.00,0.00,0.00,0.00,0.00,0.00,0.00,0.00,0.00,0.00,0.00,6.00,9.00,17.00,92.00,91.00
"Mozambico","Femmine",1.00,2.00,3.00,5.00,2.00,0.00,5.00,5.00,5.00,5.00,4.00,4.00,4.00,6.00,7.00,7.00,4.00,4.00,4.00,5.00,4.00,4.00,4.00,4.00,4.00,4.00,3.00
"Mozambico","Maschi",5.00,6.00,4.00,4.00,1.00,0.00,6.00,5.00,5.00,5.00,5.00,5.00,4.00,5.00,5.00,5.00,1.00,1.00,4.00,4.00,5.00,5.00,4.00,3.00,3.00,3.00,2.00
"Myanmar (Birmania)","Femmine",1.00,1.00,1.00,1.00,1.00,0.00,4.00,4.00,6.00,6.00,6.00,7.00,7.00,8.00,8.00,7.00,6.00,5.00,7.00,7.00,6.00,6.00,7.00,9.00,10.00,15.00,13.00
"Myanmar (Birmania)","Maschi",0.00,0.00,0.00,0.00,0.00,0.00,0.00,0.00,2.00,2.00,2.00,2.00,2.00,2.00,1.00,1.00,0.00,0.00,0.00,0.00,0.00,0.00,1.00,1.00,1.00,4.00,4.00
"Namibia","Femmine",0.00,0.00,0.00,0.00,3.00,0.00,0.00,0.00,0.00,0.00,0.00,0.00,0.00,0.00,0.00,0.00,0.00,0.00,0.00,0.00,0.00,0.00,0.00,0.00,0.00,0.00,0.00
"Namibia","Maschi",0.00,0.00,0.00,0.00,3.00,0.00,0.00,0.00,0.00,0.00,0.00,0.00,0.00,0.00,0.00,0.00,0.00,0.00,0.00,0.00,0.00,0.00,0.00,0.00,0.00,0.00,0.00
"Nepal","Femmine",1.00,1.00,2.00,1.00,1.00,0.00,2.00,3.00,3.00,3.00,4.00,4.00,6.00,4.00,7.00,5.00,6.00,8.00,13.00,15.00,18.00,19.00,25.00,28.00,30.00,35.00,42.00
"Nepal","Maschi",2.00,3.00,4.00,5.00,5.00,0.00,5.00,6.00,7.00,9.00,10.00,13.00,11.00,13.00,18.00,19.00,16.00,24.00,28.00,27.00,28.00,28.00,29.00,33.00,36.00,49.00,59.00
"Nicaragua","Femmine",4.00,5.00,6.00,7.00,11.00,0.00,12.00,13.00,14.00,13.00,15.00,15.00,14.00,14.00,14.00,14.00,10.00,16.00,20.00,19.00,19.00,18.00,19.00,22.00,28.00,32.00,34.00
"Nicaragua","Maschi",4.00,4.00,4.00,3.00,4.00,0.00,2.00,1.00,1.00,3.00,3.00,3.00,3.00,3.00,3.00,3.00,3.00,3.00,3.00,0.00,0.00,0.00,2.00,3.00,6.00,6.00,9.00
"Niger","Femmine",0.00,0.00,0.00,0.00,1.00,0.00,0.00,0.00,0.00,0.00,2.00,2.00,2.00,3.00,3.00,3.00,3.00,6.00,5.00,5.00,4.00,4.00,4.00,4.00,5.00,8.00,7.00
"Niger","Maschi",1.00,1.00,1.00,1.00,2.00,0.00,1.00,2.00,2.00,2.00,3.00,2.00,2.00,1.00,1.00,0.00,0.00,0.00,3.00,5.00,5.00,5.00,8.00,8.00,7.00,14.00,17.00
"Nigeria","Femmine",17.00,18.00,19.00,19.00,11.00,0.00,27.00,28.00,30.00,34.00,74.00,136.00,144.00,225.00,281.00,304.00,230.00,263.00,287.00,263.00,251.00,248.00,252.00,275.00,286.00,317.00,297.00
"Nigeria","Maschi",36.00,37.00,38.00,41.00,12.00,0.00,52.00,55.00,54.00,57.00,63.00,73.00,81.00,110.00,125.00,117.00,85.00,88.00,101.00,117.00,144.00,146.00,152.00,179.00,180.00,237.00,229.00
"Norvegia","Femmine",10.00,11.00,11.00,13.00,18.00,0.00,21.00,28.00,28.00,30.00,34.00,42.00,44.00,47.00,55.00,53.00,28.00,32.00,34.00,36.00,41.00,40.00,42.00,47.00,47.00,44.00,42.00
"Norvegia","Maschi",15.00,15.00,16.00,18.00,17.00,0.00,18.00,19.00,20.00,19.00,16.00,17.00,18.00,19.00,27.00,32.00,25.00,24.00,29.00,27.00,26.00,27.00,27.00,30.00,32.00,33.00,26.00
"Nuova Zelanda","Femmine",5.00,6.00,5.00,6.00,12.00,0.00,8.00,8.00,8.00,8.00,7.00,8.00,11.00,13.00,13.00,15.00,10.00,11.00,11.00,12.00,14.00,13.00,12.00,10.00,10.00,10.00,8.00
"Nuova Zelanda","Maschi",8.00,8.00,6.00,7.00,7.00,0.00,10.00,9.00,9.00,8.00,7.00,6.00,8.00,8.00,9.00,10.00,7.00,10.00,12.00,11.00,12.00,13.00,14.00,15.00,14.00,14.00,17.00
"Oman","Femmine",1.00,0.00,0.00,0.00,1.00,0.00,0.00,0.00,0.00,0.00,0.00,0.00,0.00,0.00,0.00,0.00,0.00,0.00,0.00,0.00,0.00,0.00,0.00,0.00,0.00,0.00,0.00
"Oman","Maschi",0.00,0.00,0.00,0.00,1.00,0.00,0.00,0.00,0.00,0.00,0.00,0.00,0.00,0.00,0.00,0.00,0.00,0.00,0.00,0.00,0.00,0.00,0.00,0.00,0.00,0.00,0.00
"Paesi Bassi","Femmine",131.00,149.00,165.00,201.00,122.00,0.00,217.00,224.00,229.00,229.00,228.00,250.00,254.00,270.00,285.00,279.00,173.00,179.00,207.00,211.00,216.00,235.00,240.00,246.00,254.00,267.00,229.00
"Paesi Bassi","Maschi",151.00,157.00,167.00,173.00,94.00,0.00,200.00,208.00,199.00,215.00,225.00,245.00,248.00,266.00,284.00,277.00,159.00,156.00,169.00,165.00,169.00,180.00,197.00,200.00,188.00,219.00,191.00
"Pakistan","Femmine",6.00,6.00,8.00,10.00,4.00,0.00,9.00,15.00,28.00,32.00,50.00,87.00,107.00,134.00,147.00,160.00,149.00,164.00,188.00,208.00,216.00,225.00,258.00,285.00,297.00,343.00,358.00
"Pakistan","Maschi",42.00,64.00,76.00,99.00,111.00,0.00,362.00,369.00,346.00,367.00,422.00,510.00,537.00,617.00,760.00,752.00,486.00,575.00,644.00,664.00,683.00,664.00,692.00,752.00,823.00,974.00,1021.00
"Panama","Femmine",3.00,4.00,6.00,7.00,6.00,0.00,36.00,37.00,35.00,36.00,34.00,35.00,34.00,38.00,34.00,32.00,14.00,12.00,16.00,13.00,13.00,13.00,12.00,14.00,15.00,16.00,16.00
"Panama","Maschi",8.00,9.00,7.00,7.00,4.00,0.00,8.00,7.00,8.00,9.00,9.00,9.00,9.00,11.00,11.00,9.00,8.00,10.00,11.00,11.00,12.00,9.00,10.00,11.00,11.00,14.00,13.00
"Paraguay","Femmine",5.00,5.00,7.00,8.00,4.00,0.00,11.00,14.00,11.00,12.00,12.00,16.00,17.00,19.00,19.00,21.00,15.00,16.00,18.00,20.00,22.00,25.00,31.00,36.00,52.00,65.00,67.00
"Paraguay","Maschi",2.00,1.00,1.00,0.00,2.00,0.00,2.00,2.00,2.00,2.00,2.00,5.00,5.00,8.00,10.00,9.00,7.00,6.00,10.00,9.00,10.00,9.00,8.00,10.00,15.00,19.00,21.00
"Perù","Femmine",88.00,112.00,122.00,228.00,340.00,435.00,622.00,739.00,916.00,1236.00,2224.00,3751.00,4221.00,5031.00,5645.00,5828.00,5637.00,7805.00,8455.00,8625.00,8535.00,8577.00,9430.00,10745.00,11925.00,12661.00,12617.00
"Perù","Maschi",37.00,50.00,54.00,133.00,244.00,281.00,339.00,371.00,441.00,602.00,1201.00,2069.00,2434.00,2934.00,3391.00,3553.00,3414.00,4833.00,5329.00,5579.00,5535.00,5526.00,6156.00,6927.00,7730.00,8481.00,8554.00
"Polonia","Femmine",98.00,109.00,116.00,110.00,83.00,0.00,167.00,182.00,186.00,183.00,195.00,257.00,273.00,313.00,364.00,378.00,316.00,430.00,566.00,611.00,658.00,709.00,804.00,854.00,909.00,961.00,920.00
"Polonia","Maschi",88.00,86.00,88.00,86.00,40.00,0.00,98.00,100.00,104.00,106.00,104.00,116.00,118.00,123.00,128.00,117.00,62.00,84.00,109.00,130.00,147.00,168.00,192.00,208.00,223.00,232.00,233.00
"Portogallo","Femmine",74.00,90.00,88.00,100.00,79.00,0.00,204.00,223.00,234.00,237.00,248.00,265.00,270.00,271.00,294.00,278.00,177.00,187.00,201.00,196.00,203.00,222.00,245.00,247.00,259.00,279.00,251.00
"Portogallo","Maschi",45.00,51.00,58.00,66.00,44.00,0.00,133.00,144.00,151.00,146.00,161.00,172.00,174.00,177.00,194.00,176.00,101.00,106.00,122.00,127.00,139.00,151.00,175.00,175.00,186.00,207.00,187.00
"Regno Unito","Femmine",1065.00,1123.00,1139.00,1171.00,572.00,1287.00,1330.00,1367.00,1358.00,1342.00,1370.00,1482.00,1503.00,1528.00,1632.00,1556.00,758.00,799.00,875.00,899.00,900.00,919.00,987.00,997.00,1041.00,1090.00,1006.00
"Regno Unito","Maschi",1067.00,1121.00,1145.00,1188.00,505.00,1285.00,1325.00,1340.00,1352.00,1328.00,1391.00,1455.00,1504.00,1511.00,1608.00,1537.00,742.00,764.00,827.00,851.00,881.00,891.00,946.00,963.00,1015.00,1046.00,947.00
"Romania","Femmine",99.00,107.00,104.00,120.00,99.00,0.00,245.00,267.00,304.00,333.00,366.00,480.00,573.00,809.00,1041.00,1199.00,1363.00,2254.00,2787.00,3106.00,4173.00,5109.00,6099.00,6650.00,7093.00,8092.00,8228.00
"Romania","Maschi",90.00,92.00,89.00,98.00,51.00,0.00,197.00,217.00,237.00,259.00,368.00,538.00,631.00,943.00,1219.00,1294.00,1264.00,2367.00,2749.00,2845.00,3735.00,4510.00,5145.00,5504.00,5608.00,6317.00,6279.00
"Ruanda","Femmine",5.00,5.00,5.00,5.00,0.00,0.00,5.00,6.00,9.00,10.00,10.00,12.00,15.00,14.00,14.00,14.00,4.00,5.00,8.00,8.00,12.00,11.00,13.00,12.00,9.00,10.00,10.00
"Ruanda","Maschi",6.00,6.00,6.00,6.00,1.00,0.00,7.00,7.00,8.00,8.00,9.00,10.00,11.00,11.00,12.00,13.00,4.00,3.00,4.00,5.00,7.00,7.00,11.00,10.00,8.00,10.00,9.00
"Russa. Federazione","Femmine",0.00,0.00,0.00,0.00,0.00,0.00,0.00,0.00,164.00,187.00,172.00,278.00,312.00,371.00,478.00,522.00,471.00,600.00,740.00,794.00,786.00,811.00,891.00,983.00,1137.00,1378.00,1485.00
"Russa. Federazione","Maschi",0.00,0.00,0.00,0.00,0.00,0.00,0.00,0.00,82.00,94.00,90.00,129.00,150.00,153.00,165.00,148.00,109.00,137.00,156.00,174.00,165.00,171.00,181.00,183.00,203.00,249.00,265.00
"Saint Kitts e Nevis","Maschi",0.00,0.00,0.00,0.00,0.00,0.00,0.00,0.00,0.00,0.00,0.00,0.00,0.00,0.00,0.00,0.00,0.00,0.00,0.00,0.00,0.00,0.00,0.00,1.00,0.00,0.00,0.00
"Saint Lucia","Maschi",0.00,0.00,0.00,0.00,1.00,0.00,0.00,0.00,0.00,0.00,0.00,0.00,0.00,0.00,0.00,0.00,0.00,0.00,0.00,0.00,0.00,0.00,0.00,0.00,0.00,0.00,0.00
"Salomone","Femmine",0.00,0.00,0.00,0.00,1.00,0.00,0.00,0.00,0.00,0.00,0.00,0.00,0.00,0.00,0.00,0.00,0.00,0.00,0.00,0.00,0.00,0.00,0.00,0.00,0.00,0.00,0.00
"San Marino","Femmine",48.00,49.00,45.00,45.00,28.00,0.00,40.00,40.00,36.00,34.00,31.00,32.00,33.00,32.00,29.00,29.00,27.00,26.00,25.00,23.00,22.00,22.00,22.00,21.00,20.00,19.00,18.00
"San Marino","Maschi",32.00,31.00,29.00,27.00,23.00,0.00,30.00,28.00,25.00,23.00,22.00,23.00,22.00,21.00,19.00,20.00,20.00,20.00,22.00,20.00,21.00,22.00,22.00,24.00,22.00,23.00,22.00
"Sao Tomè e Principe","Femmine",0.00,0.00,0.00,0.00,0.00,0.00,0.00,0.00,0.00,0.00,0.00,0.00,0.00,1.00,1.00,1.00,1.00,0.00,0.00,0.00,0.00,0.00,0.00,0.00,0.00,0.00,0.00
"Sao Tomè e Principe","Maschi",0.00,0.00,0.00,0.00,0.00,0.00,0.00,0.00,0.00,0.00,0.00,0.00,0.00,0.00,0.00,0.00,0.00,0.00,0.00,0.00,0.00,0.00,0.00,0.00,0.00,0.00,1.00
"Seicelle","Femmine",54.00,68.00,67.00,71.00,37.00,0.00,81.00,77.00,78.00,80.00,77.00,79.00,78.00,82.00,85.00,77.00,47.00,51.00,49.00,45.00,45.00,45.00,39.00,38.00,39.00,41.00,35.00
"Seicelle","Maschi",9.00,11.00,14.00,15.00,10.00,0.00,15.00,16.00,16.00,18.00,19.00,21.00,20.00,21.00,26.00,27.00,22.00,22.00,21.00,19.00,18.00,18.00,17.00,18.00,19.00,20.00,17.00
"Senegal","Femmine",8.00,10.00,10.00,19.00,16.00,31.00,36.00,37.00,42.00,47.00,54.00,62.00,72.00,94.00,113.00,100.00,80.00,99.00,119.00,141.00,136.00,145.00,176.00,207.00,244.00,308.00,336.00
"Senegal","Maschi",61.00,84.00,84.00,245.00,148.00,564.00,632.00,649.00,642.00,676.00,1094.00,1509.00,1583.00,1908.00,2031.00,1866.00,1230.00,1597.00,1672.00,1694.00,1644.00,1584.00,1609.00,1697.00,1880.00,2077.00,2114.00
"Serbia","Femmine",0.00,0.00,0.00,0.00,0.00,0.00,0.00,0.00,0.00,0.00,0.00,0.00,0.00,0.00,0.00,0.00,0.00,0.00,0.00,0.00,0.00,0.00,577.00,572.00,545.00,364.00,354.00
"Serbia","Maschi",0.00,0.00,0.00,0.00,0.00,0.00,0.00,0.00,0.00,0.00,0.00,0.00,0.00,0.00,0.00,0.00,0.00,0.00,0.00,0.00,0.00,0.00,535.00,530.00,488.00,290.00,272.00
"Sierra Leone","Femmine",6.00,6.00,8.00,10.00,10.00,0.00,17.00,18.00,18.00,17.00,18.00,15.00,15.00,17.00,17.00,18.00,13.00,13.00,12.00,12.00,13.00,14.00,13.00,17.00,15.00,15.00,15.00
"Sierra Leone","Maschi",12.00,13.00,14.00,16.00,11.00,0.00,18.00,18.00,22.00,20.00,21.00,21.00,18.00,22.00,27.00,28.00,20.00,23.00,27.00,34.00,32.00,33.00,30.00,31.00,26.00,27.00,23.00
"Singapore","Femmine",3.00,4.00,3.00,3.00,8.00,0.00,5.00,6.00,7.00,7.00,8.00,7.00,7.00,8.00,9.00,7.00,5.00,6.00,5.00,4.00,4.00,6.00,9.00,9.00,9.00,11.00,14.00
"Singapore","Maschi",3.00,4.00,3.00,4.00,2.00,0.00,6.00,6.00,7.00,8.00,9.00,9.00,9.00,10.00,9.00,8.00,7.00,10.00,11.00,10.00,11.00,12.00,15.00,15.00,15.00,14.00,14.00
"Siria","Femmine",38.00,40.00,39.00,36.00,32.00,0.00,39.00,43.00,43.00,43.00,48.00,56.00,55.00,62.00,67.00,76.00,70.00,68.00,77.00,86.00,84.00,79.00,78.00,94.00,94.00,98.00,97.00
"Siria","Maschi",72.00,77.00,75.00,73.00,59.00,0.00,118.00,115.00,115.00,116.00,131.00,146.00,153.00,161.00,187.00,176.00,126.00,163.00,189.00,202.00,208.00,208.00,216.00,225.00,236.00,265.00,270.00
"Slovacchia","Femmine",0.00,0.00,0.00,0.00,0.00,0.00,0.00,0.00,0.00,0.00,5.00,11.00,15.00,23.00,34.00,52.00,59.00,77.00,98.00,107.00,122.00,130.00,134.00,138.00,147.00,152.00,134.00
"Slovacchia","Maschi",0.00,0.00,0.00,0.00,0.00,0.00,0.00,0.00,0.00,0.00,0.00,1.00,1.00,1.00,5.00,7.00,7.00,11.00,17.00,17.00,15.00,18.00,20.00,21.00,25.00,27.00,26.00
"Slovenia","Femmine",0.00,0.00,0.00,0.00,0.00,0.00,4.00,11.00,9.00,10.00,10.00,13.00,14.00,15.00,16.00,12.00,10.00,12.00,16.00,17.00,19.00,22.00,28.00,32.00,32.00,40.00,35.00
"Slovenia","Maschi",0.00,0.00,0.00,0.00,0.00,0.00,6.00,9.00,10.00,13.00,12.00,14.00,14.00,16.00,14.00,14.00,9.00,6.00,6.00,6.00,11.00,12.00,23.00,27.00,28.00,35.00,31.00
"Somalia","Femmine",47.00,53.00,60.00,74.00,155.00,0.00,354.00,437.00,532.00,574.00,604.00,718.00,769.00,796.00,798.00,749.00,271.00,280.00,283.00,278.00,272.00,266.00,258.00,262.00,242.00,242.00,228.00
"Somalia","Maschi",72.00,74.00,84.00,93.00,78.00,0.00,256.00,298.00,316.00,329.00,343.00,391.00,445.00,468.00,480.00,448.00,182.00,186.00,194.00,195.00,194.00,181.00,198.00,280.00,261.00,255.00,226.00
"Spagna","Femmine",433.00,506.00,549.00,572.00,365.00,662.00,708.00,760.00,806.00,826.00,862.00,960.00,978.00,1024.00,1163.00,1170.00,783.00,865.00,976.00,1032.00,1058.00,1112.00,1186.00,1250.00,1329.00,1435.00,1373.00
"Spagna","Maschi",333.00,369.00,379.00,385.00,171.00,442.00,460.00,462.00,460.00,464.00,497.00,534.00,537.00,556.00,620.00,602.00,287.00,325.00,381.00,405.00,430.00,443.00,492.00,538.00,586.00,658.00,614.00
"Sri Lanka (Ceylon)","Femmine",108.00,130.00,166.00,227.00,247.00,410.00,550.00,709.00,888.00,1006.00,1259.00,1749.00,2073.00,2458.00,2926.00,3286.00,3096.00,3598.00,4108.00,4370.00,4512.00,4753.00,5290.00,5731.00,6215.00,6863.00,7113.00
"Sri Lanka (Ceylon)","Maschi",200.00,247.00,289.00,408.00,439.00,814.00,1035.00,1231.00,1474.00,1670.00,2198.00,2875.00,3122.00,3660.00,4293.00,4574.00,4042.00,5103.00,5764.00,5948.00,6088.00,6334.00,7058.00,7609.00,8297.00,9262.00,9354.00
"Stati Uniti d'America","Femmine",809.00,815.00,801.00,837.00,471.00,904.00,926.00,949.00,951.00,911.00,931.00,967.00,964.00,969.00,1031.00,994.00,456.00,489.00,528.00,551.00,565.00,576.00,601.00,616.00,648.00,715.00,690.00
"Stati Uniti d'America","Maschi",834.00,823.00,822.00,840.00,379.00,867.00,876.00,897.00,875.00,837.00,854.00,864.00,862.00,881.00,917.00,883.00,359.00,383.00,420.00,433.00,447.00,454.00,464.00,489.00,502.00,522.00,495.00
"Sud Africa","Femmine",20.00,23.00,23.00,23.00,11.00,0.00,23.00,23.00,24.00,19.00,18.00,17.00,17.00,18.00,19.00,21.00,12.00,14.00,17.00,18.00,16.00,11.00,13.00,15.00,13.00,18.00,17.00
"Sud Africa","Maschi",25.00,25.00,24.00,23.00,10.00,0.00,23.00,24.00,23.00,21.00,22.00,22.00,23.00,23.00,25.00,24.00,14.00,14.00,14.00,18.00,20.00,22.00,24.00,25.00,18.00,21.00,19.00
"Sudan","Femmine",5.00,5.00,5.00,3.00,5.00,0.00,3.00,3.00,4.00,4.00,5.00,7.00,11.00,12.00,17.00,13.00,14.00,16.00,18.00,21.00,22.00,20.00,22.00,20.00,20.00,23.00,22.00
"Sudan","Maschi",20.00,20.00,19.00,19.00,12.00,0.00,38.00,42.00,42.00,41.00,43.00,48.00,52.00,55.00,58.00,47.00,37.00,39.00,48.00,92.00,125.00,101.00,90.00,102.00,86.00,100.00,83.00
"Suriname","Maschi",0.00,0.00,0.00,0.00,0.00,0.00,0.00,0.00,1.00,1.00,1.00,1.00,1.00,1.00,1.00,1.00,0.00,0.00,0.00,0.00,0.00,0.00,0.00,0.00,0.00,0.00,0.00
"Svezia","Femmine",75.00,75.00,77.00,82.00,50.00,0.00,90.00,110.00,123.00,125.00,135.00,153.00,166.00,178.00,204.00,201.00,121.00,134.00,159.00,169.00,173.00,183.00,197.00,205.00,213.00,223.00,188.00
"Svezia","Maschi",64.00,67.00,66.00,68.00,37.00,0.00,71.00,81.00,79.00,73.00,78.00,89.00,88.00,96.00,115.00,123.00,73.00,79.00,86.00,89.00,102.00,103.00,110.00,117.00,126.00,129.00,100.00
"Svizzera","Femmine",1017.00,987.00,952.00,924.00,521.00,852.00,823.00,798.00,771.00,738.00,729.00,730.00,709.00,687.00,685.00,646.00,414.00,397.00,402.00,394.00,385.00,378.00,385.00,380.00,380.00,371.00,332.00
"Svizzera","Maschi",1011.00,1006.00,1001.00,971.00,499.00,920.00,896.00,888.00,860.00,834.00,832.00,819.00,787.00,777.00,784.00,738.00,469.00,463.00,464.00,467.00,458.00,445.00,456.00,448.00,436.00,437.00,401.00
"Swaziland","Femmine",0.00,0.00,0.00,0.00,1.00,0.00,0.00,0.00,0.00,0.00,0.00,0.00,0.00,0.00,0.00,0.00,0.00,0.00,0.00,0.00,0.00,0.00,0.00,0.00,0.00,0.00,1.00
"Swaziland","Maschi",0.00,0.00,0.00,0.00,1.00,0.00,0.00,0.00,0.00,0.00,0.00,0.00,0.00,0.00,0.00,0.00,0.00,0.00,0.00,0.00,0.00,0.00,0.00,0.00,0.00,0.00,0.00
"Tagikistan","Femmine",0.00,0.00,0.00,0.00,0.00,0.00,0.00,0.00,0.00,0.00,1.00,1.00,1.00,1.00,1.00,1.00,1.00,1.00,1.00,1.00,0.00,1.00,1.00,1.00,1.00,1.00,3.00
"Tagikistan","Maschi",0.00,0.00,0.00,0.00,0.00,0.00,0.00,0.00,0.00,0.00,3.00,3.00,3.00,3.00,4.00,4.00,4.00,6.00,6.00,5.00,3.00,3.00,6.00,6.00,8.00,8.00,8.00
"Taiwan (Formosa)","Femmine",42.00,41.00,44.00,47.00,15.00,0.00,56.00,56.00,76.00,73.00,27.00,24.00,81.00,83.00,85.00,80.00,18.00,19.00,28.00,31.00,34.00,35.00,42.00,44.00,48.00,54.00,56.00
"Taiwan (Formosa)","Maschi",35.00,34.00,33.00,32.00,7.00,0.00,36.00,37.00,44.00,46.00,17.00,11.00,50.00,52.00,57.00,46.00,14.00,12.00,16.00,18.00,20.00,20.00,22.00,23.00,23.00,23.00,23.00
"Tanzania","Femmine",5.00,3.00,3.00,3.00,1.00,0.00,4.00,7.00,7.00,4.00,5.00,6.00,6.00,6.00,7.00,6.00,4.00,4.00,3.00,4.00,4.00,4.00,7.00,7.00,7.00,9.00,6.00
"Tanzania","Maschi",6.00,3.00,3.00,5.00,5.00,0.00,5.00,6.00,6.00,6.00,6.00,8.00,8.00,9.00,9.00,7.00,6.00,6.00,7.00,9.00,9.00,10.00,9.00,9.00,9.00,9.00,8.00
"Territori Autonomia Palestinese","Femmine",0.00,0.00,0.00,0.00,0.00,0.00,0.00,0.00,0.00,0.00,0.00,0.00,0.00,0.00,0.00,1.00,1.00,0.00,2.00,2.00,2.00,2.00,2.00,3.00,7.00,7.00,6.00
"Territori Autonomia Palestinese","Maschi",0.00,0.00,0.00,0.00,0.00,0.00,0.00,0.00,0.00,0.00,0.00,0.00,2.00,1.00,2.00,2.00,3.00,10.00,19.00,23.00,23.00,22.00,30.00,38.00,41.00,36.00,32.00
"Thailandia","Femmine",31.00,32.00,34.00,35.00,31.00,0.00,56.00,51.00,52.00,50.00,52.00,64.00,64.00,69.00,80.00,81.00,59.00,64.00,85.00,89.00,104.00,112.00,126.00,148.00,166.00,198.00,188.00
"Thailandia","Maschi",4.00,5.00,3.00,3.00,7.00,0.00,6.00,6.00,7.00,7.00,9.00,10.00,12.00,14.00,17.00,12.00,8.00,10.00,12.00,13.00,14.00,17.00,21.00,19.00,20.00,23.00,24.00
"Togo","Femmine",1.00,1.00,1.00,1.00,2.00,0.00,4.00,5.00,4.00,4.00,4.00,6.00,8.00,8.00,14.00,17.00,18.00,27.00,31.00,43.00,41.00,42.00,42.00,45.00,37.00,38.00,35.00
"Togo","Maschi",5.00,5.00,5.00,1.00,1.00,0.00,4.00,4.00,5.00,6.00,8.00,10.00,11.00,13.00,13.00,19.00,23.00,43.00,79.00,117.00,98.00,81.00,77.00,84.00,81.00,80.00,74.00
"Trinidad e Tobago","Femmine",3.00,2.00,2.00,2.00,3.00,0.00,4.00,5.00,5.00,6.00,6.00,6.00,6.00,6.00,6.00,8.00,3.00,3.00,3.00,3.00,3.00,4.00,4.00,6.00,5.00,5.00,3.00
"Trinidad e Tobago","Maschi",2.00,2.00,2.00,4.00,2.00,0.00,5.00,5.00,6.00,6.00,6.00,6.00,6.00,6.00,6.00,6.00,1.00,1.00,2.00,2.00,2.00,2.00,2.00,1.00,1.00,1.00,1.00
"Tunisia","Femmine",47.00,51.00,66.00,82.00,77.00,136.00,142.00,160.00,173.00,182.00,206.00,239.00,250.00,280.00,294.00,310.00,257.00,304.00,348.00,377.00,379.00,401.00,432.00,461.00,470.00,502.00,499.00
"Tunisia","Maschi",161.00,191.00,208.00,292.00,222.00,682.00,761.00,801.00,797.00,805.00,876.00,975.00,979.00,1034.00,1147.00,1083.00,713.00,860.00,946.00,995.00,1032.00,1067.00,1100.00,1131.00,1157.00,1255.00,1250.00
"Turchia","Femmine",240.00,240.00,246.00,252.00,146.00,286.00,303.00,322.00,316.00,316.00,332.00,378.00,378.00,399.00,455.00,456.00,350.00,380.00,414.00,419.00,433.00,428.00,444.00,472.00,506.00,558.00,595.00
"Turchia","Maschi",270.00,286.00,296.00,314.00,178.00,410.00,419.00,442.00,429.00,423.00,473.00,556.00,568.00,595.00,657.00,640.00,440.00,544.00,607.00,615.00,622.00,610.00,617.00,646.00,666.00,737.00,773.00
"Turkmenistan","Femmine",0.00,0.00,0.00,0.00,0.00,0.00,0.00,0.00,0.00,0.00,2.00,2.00,2.00,0.00,0.00,0.00,2.00,2.00,3.00,3.00,2.00,2.00,2.00,3.00,2.00,2.00,1.00
"Turkmenistan","Maschi",0.00,0.00,0.00,0.00,0.00,0.00,0.00,0.00,0.00,0.00,0.00,1.00,1.00,1.00,1.00,1.00,2.00,2.00,3.00,3.00,2.00,2.00,2.00,2.00,2.00,3.00,4.00
"Tuvalu","Femmine",0.00,0.00,0.00,0.00,1.00,0.00,0.00,0.00,0.00,0.00,0.00,0.00,0.00,0.00,0.00,0.00,0.00,0.00,0.00,0.00,0.00,0.00,0.00,0.00,0.00,0.00,0.00
"Ucraina","Femmine",0.00,0.00,0.00,0.00,0.00,0.00,0.00,0.00,2.00,3.00,16.00,32.00,46.00,87.00,165.00,230.00,477.00,1722.00,2382.00,2820.00,2948.00,3187.00,3907.00,4675.00,5640.00,6324.00,6414.00
"Ucraina","Maschi",0.00,0.00,0.00,0.00,0.00,0.00,0.00,0.00,0.00,0.00,4.00,14.00,22.00,45.00,76.00,79.00,90.00,370.00,573.00,672.00,683.00,731.00,881.00,1053.00,1273.00,1496.00,1537.00
"Uganda","Femmine",0.00,0.00,0.00,0.00,2.00,0.00,1.00,1.00,1.00,1.00,2.00,3.00,2.00,3.00,3.00,4.00,3.00,4.00,4.00,4.00,6.00,8.00,8.00,8.00,7.00,9.00,8.00
"Uganda","Maschi",1.00,1.00,1.00,1.00,5.00,0.00,2.00,3.00,5.00,5.00,5.00,7.00,6.00,8.00,6.00,5.00,3.00,4.00,3.00,8.00,8.00,7.00,6.00,6.00,6.00,4.00,6.00
"Ungheria","Femmine",92.00,92.00,85.00,78.00,45.00,0.00,85.00,96.00,95.00,103.00,107.00,108.00,105.00,121.00,130.00,130.00,80.00,92.00,109.00,115.00,122.00,134.00,148.00,155.00,165.00,177.00,165.00
"Ungheria","Maschi",79.00,85.00,82.00,76.00,33.00,0.00,71.00,70.00,66.00,62.00,62.00,60.00,58.00,59.00,57.00,54.00,18.00,20.00,23.00,29.00,34.00,33.00,38.00,37.00,40.00,43.00,41.00
"Uruguay","Femmine",49.00,60.00,54.00,89.00,73.00,0.00,117.00,126.00,121.00,122.00,127.00,150.00,145.00,153.00,171.00,163.00,90.00,102.00,119.00,117.00,122.00,114.00,122.00,123.00,132.00,137.00,127.00
"Uruguay","Maschi",57.00,56.00,60.00,86.00,52.00,0.00,91.00,87.00,87.00,86.00,88.00,93.00,94.00,98.00,101.00,89.00,39.00,47.00,54.00,50.00,55.00,54.00,56.00,57.00,61.00,70.00,64.00
"Uzbekistan","Femmine",0.00,0.00,0.00,0.00,0.00,0.00,0.00,0.00,0.00,1.00,1.00,4.00,5.00,6.00,9.00,8.00,10.00,14.00,13.00,16.00,15.00,13.00,15.00,21.00,18.00,26.00,24.00
"Uzbekistan","Maschi",0.00,0.00,0.00,0.00,0.00,0.00,0.00,0.00,0.00,0.00,0.00,0.00,0.00,0.00,0.00,1.00,1.00,2.00,2.00,2.00,4.00,3.00,4.00,4.00,3.00,4.00,10.00
"Venezuela","Femmine",39.00,36.00,37.00,41.00,47.00,0.00,61.00,62.00,64.00,71.00,75.00,92.00,102.00,127.00,146.00,150.00,116.00,138.00,150.00,161.00,149.00,149.00,165.00,179.00,191.00,223.00,230.00
"Venezuela","Maschi",57.00,55.00,50.00,50.00,36.00,0.00,62.00,60.00,60.00,58.00,60.00,65.00,68.00,77.00,85.00,78.00,48.00,68.00,86.00,91.00,92.00,99.00,118.00,124.00,125.00,135.00,125.00
"Vietnam","Femmine",8.00,8.00,8.00,7.00,8.00,0.00,12.00,13.00,10.00,10.00,2.00,2.00,8.00,9.00,11.00,9.00,3.00,5.00,4.00,5.00,6.00,5.00,6.00,7.00,8.00,8.00,8.00
"Vietnam","Maschi",38.00,38.00,37.00,34.00,10.00,0.00,31.00,32.00,30.00,28.00,2.00,2.00,19.00,19.00,19.00,14.00,2.00,3.00,5.00,5.00,10.00,9.00,17.00,17.00,16.00,14.00,14.00
"Yemen","Femmine",0.00,0.00,0.00,0.00,1.00,0.00,2.00,2.00,2.00,2.00,2.00,2.00,2.00,2.00,2.00,3.00,1.00,1.00,1.00,1.00,1.00,1.00,1.00,1.00,1.00,0.00,0.00
"Yemen","Maschi",4.00,4.00,4.00,5.00,2.00,0.00,4.00,4.00,4.00,4.00,4.00,4.00,4.00,4.00,4.00,4.00,2.00,2.00,2.00,3.00,3.00,3.00,3.00,3.00,4.00,1.00,1.00
"Zambia","Femmine",1.00,1.00,1.00,1.00,0.00,0.00,1.00,1.00,1.00,1.00,1.00,1.00,1.00,1.00,1.00,1.00,0.00,0.00,0.00,0.00,0.00,3.00,4.00,3.00,4.00,4.00,4.00
"Zambia","Maschi",1.00,1.00,2.00,2.00,0.00,0.00,2.00,2.00,2.00,2.00,2.00,2.00,2.00,2.00,2.00,1.00,1.00,1.00,1.00,1.00,2.00,2.00,1.00,1.00,2.00,4.00,6.00
"Zimbabwe (Rhodesia)","Femmine",0.00,0.00,0.00,0.00,2.00,0.00,1.00,2.00,1.00,2.00,3.00,3.00,3.00,3.00,3.00,2.00,0.00,1.00,1.00,1.00,1.00,2.00,2.00,1.00,1.00,2.00,3.00
"Zimbabwe (Rhodesia)","Maschi",0.00,0.00,0.00,0.00,2.00,0.00,0.00,0.00,0.00,0.00,0.00,0.00,0.00,0.00,0.00,0.00,0.00,0.00,1.00,1.00,1.00,1.00,3.00,5.00,4.00,7.00,6.00
